shipment_id,customer_id,material_category,material_name,quantity_mt,rate_per_mt,sale_value_without_gst,gst_rate_pct,gst_amount,invoice_amount,shipment_date,delivered_date,invoice_date,due_date,vehicle_number,sales_order_id
SH00001,C017,Metal,MS Scrap,47.09,33010,1554440.9,18,279799.36,1834240.26,2026-02-02,2026-02-04,2026-02-03,2026-03-05,KA67UJ1106,SO00001
SH00002,C006,Plastic,PVC Scrap,30.52,37330,1139311.6,12,136717.39,1276028.99,2026-02-02,2026-02-03,2026-02-03,2026-03-20,GJ58DM6635,SO00002
SH00003,C020,Plastic,PET Bottle Scrap,65.53,59590,3904932.7,12,468591.92,4373524.62,2026-02-02,2026-02-03,2026-02-03,2026-03-20,RJ20TK6925,SO00003
SH00004,C019,Metal,Cast Iron Scrap,57.84,32460,1877486.4,18,337947.55,2215433.95,2026-02-02,2026-02-04,2026-02-03,2026-03-05,GJ39DN5554,SO00004
SH00005,C012,Metal,Aluminium Scrap,32.76,126290,4137260.4,18,744706.87,4881967.27,2026-02-03,2026-02-06,2026-02-04,2026-03-21,GJ87WF9751,SO00005
SH00006,C008,Metal,Aluminium Scrap,39.67,128100,5081727,18,914710.86,5996437.86,2026-02-03,2026-02-06,2026-02-04,2026-03-21,MP38XL1916,SO00006
SH00007,C008,Metal,MS Scrap,65.38,30810,2014357.8,18,362584.4,2376942.2,2026-02-03,2026-02-04,2026-02-04,2026-03-21,KL50GW9179,SO00007
SH00008,C013,Paper,OCC Scrap,15.72,12840,201844.8,12,24221.38,226066.18,2026-02-03,2026-02-06,2026-02-04,2026-03-06,TN84PU7543,SO00008
SH00009,C012,Metal,Cast Iron Scrap,79.8,33380,2663724,18,479470.32,3143194.32,2026-02-03,2026-02-04,2026-02-04,2026-03-21,MH24EW3621,SO00009
SH00010,C014,Metal,Copper Wire Scrap,33.86,491710,16649300.6,18,2996874.11,19646174.71,2026-02-03,2026-02-06,2026-02-04,2026-03-21,TN80AX2876,SO00010
SH00011,C011,Metal,Copper Wire Scrap,27.01,461070,12453500.7,18,2241630.13,14695130.83,2026-02-04,2026-02-07,2026-02-05,2026-03-07,TN74FS2743,SO00011
SH00012,C010,Paper,Mixed Paper Scrap,50.67,8920,451976.4,12,54237.17,506213.57,2026-02-04,2026-02-07,2026-02-05,2026-03-22,MP10VL9005,SO00012
SH00013,C001,Metal,Copper Wire Scrap,74.68,511510,38199566.8,18,6875922.02,45075488.82,2026-02-04,2026-02-05,2026-02-05,2026-03-07,MH40UC2403,SO00013
SH00014,C016,Metal,Copper Wire Scrap,78.35,487290,38179171.5,18,6872250.87,45051422.37,2026-02-04,2026-02-05,2026-02-05,2026-03-22,UP80FJ9645,SO00014
SH00015,C020,Plastic,PVC Scrap,77.33,48930,3783756.9,12,454050.83,4237807.73,2026-02-04,2026-02-07,2026-02-05,2026-03-22,TN61XW7118,SO00015
SH00016,C017,Paper,OCC Scrap,14.08,13350,187968,12,22556.16,210524.16,2026-02-05,2026-02-06,2026-02-06,2026-03-08,KL80HU4608,SO00016
SH00017,C001,Metal,Copper Wire Scrap,58.09,454120,26379830.8,18,4748369.54,31128200.34,2026-02-05,2026-02-06,2026-02-06,2026-03-08,DL19SH5562,SO00017
SH00018,C016,Metal,Cast Iron Scrap,45.44,39230,1782611.2,18,320870.02,2103481.22,2026-02-05,2026-02-08,2026-02-06,2026-03-23,UP41RP4119,SO00018
SH00019,C004,Metal,Copper Wire Scrap,54.42,474800,25838616,18,4650950.88,30489566.88,2026-02-05,2026-02-07,2026-02-06,2026-03-23,MH96WW2612,SO00019
SH00020,C002,Plastic,PVC Scrap,59.62,47010,2802736.2,12,336328.34,3139064.54,2026-02-05,2026-02-06,2026-02-06,2026-03-23,KA34TQ3296,SO00020
SH00021,C014,Metal,Aluminium Scrap,25.89,127490,3300716.1,18,594128.9,3894845,2026-02-05,2026-02-07,2026-02-06,2026-03-23,MP22BW9856,SO00021
SH00022,C003,Metal,Cast Iron Scrap,17.47,36860,643944.2,18,115909.96,759854.16,2026-02-06,2026-02-08,2026-02-07,2026-03-09,MH31NA7396,SO00022
SH00023,C009,Paper,OCC Scrap,26.39,16180,426990.2,12,51238.82,478229.02,2026-02-06,2026-02-09,2026-02-07,2026-03-09,UP29GK4566,SO00023
SH00024,C002,Paper,Mixed Paper Scrap,9.57,9880,94551.6,12,11346.19,105897.79,2026-02-06,2026-02-09,2026-02-07,2026-03-24,UP74SF1931,SO00024
SH00025,C006,Metal,Copper Wire Scrap,49.63,497260,24679013.8,18,4442222.48,29121236.28,2026-02-07,2026-02-09,2026-02-08,2026-03-25,GJ82HU1651,SO00025
SH00026,C020,Metal,Copper Wire Scrap,36.44,490860,17886938.4,18,3219648.91,21106587.31,2026-02-07,2026-02-09,2026-02-08,2026-03-25,TN36XY6147,SO00026
SH00027,C008,Plastic,PET Bottle Scrap,34.68,58430,2026352.4,12,243162.29,2269514.69,2026-02-07,2026-02-09,2026-02-08,2026-03-25,DL19AQ2638,SO00027
SH00028,C018,Metal,Cast Iron Scrap,42.94,33320,1430760.8,18,257536.94,1688297.74,2026-02-09,2026-02-10,2026-02-10,2026-03-27,KA57KF8179,SO00028
SH00029,C018,Plastic,PET Bottle Scrap,50.88,64740,3293971.2,12,395276.54,3689247.74,2026-02-09,2026-02-12,2026-02-10,2026-03-27,MH95TK2697,SO00029
SH00030,C005,Plastic,PET Bottle Scrap,13.66,47140,643932.4,12,77271.89,721204.29,2026-02-09,2026-02-10,2026-02-10,2026-03-12,TN46VG6617,SO00030
SH00031,C009,Paper,Mixed Paper Scrap,41.64,13430,559225.2,12,67107.02,626332.22,2026-02-10,2026-02-11,2026-02-11,2026-03-13,RJ45BA6464,SO00031
SH00032,C005,Plastic,PET Bottle Scrap,17.12,53840,921740.8,12,110608.9,1032349.7,2026-02-10,2026-02-13,2026-02-11,2026-03-13,MH24CY3442,SO00032
SH00033,C018,Metal,MS Scrap,67.59,32080,2168287.2,18,390291.7,2558578.9,2026-02-10,2026-02-12,2026-02-11,2026-03-28,TG15KM1653,SO00033
SH00034,C012,Metal,Cast Iron Scrap,56.16,38670,2171707.2,18,390907.3,2562614.5,2026-02-10,2026-02-13,2026-02-11,2026-03-28,RJ89ZE4878,SO00034
SH00035,C006,Plastic,PVC Scrap,6.86,46050,315903,12,37908.36,353811.36,2026-02-11,2026-02-13,2026-02-12,2026-03-29,KA44FY2771,SO00035
SH00036,C013,Metal,MS Scrap,69.39,29560,2051168.4,18,369210.31,2420378.71,2026-02-11,2026-02-13,2026-02-12,2026-03-14,TN39HA4164,SO00036
SH00037,C013,Plastic,HDPE Scrap,25.9,56390,1460501,12,175260.12,1635761.12,2026-02-11,2026-02-13,2026-02-12,2026-03-14,MP61XT6425,SO00037
SH00038,C001,Metal,Copper Wire Scrap,70.78,468290,33145566.2,18,5966201.92,39111768.12,2026-02-11,2026-02-13,2026-02-12,2026-03-14,MH23VP6663,SO00038
SH00039,C014,Paper,Mixed Paper Scrap,13.67,13400,183178,12,21981.36,205159.36,2026-02-12,2026-02-14,2026-02-13,2026-03-30,MH65AS9821,SO00039
SH00040,C007,Plastic,HDPE Scrap,37.35,73980,2763153,12,331578.36,3094731.36,2026-02-12,2026-02-15,2026-02-13,2026-03-15,DL94DZ5920,SO00040
SH00041,C017,Plastic,PET Bottle Scrap,55.02,51520,2834630.4,12,340155.65,3174786.05,2026-02-12,2026-02-15,2026-02-13,2026-03-15,TG34PX7211,SO00041
SH00042,C006,Plastic,PET Bottle Scrap,35.46,61670,2186818.2,12,262418.18,2449236.38,2026-02-12,2026-02-14,2026-02-13,2026-03-30,KA65UV6279,SO00042
SH00043,C015,Paper,OCC Scrap,38.16,13280,506764.8,12,60811.78,567576.58,2026-02-12,2026-02-15,2026-02-13,2026-03-15,TG94CK9445,SO00043
SH00044,C003,Metal,Cast Iron Scrap,55.46,34250,1899505,18,341910.9,2241415.9,2026-02-13,2026-02-14,2026-02-14,2026-03-16,MH15HR2193,SO00044
SH00045,C015,Plastic,PVC Scrap,71.46,43640,3118514.4,12,374221.73,3492736.13,2026-02-13,2026-02-15,2026-02-14,2026-03-16,RJ41EW1090,SO00045
SH00046,C004,Plastic,PVC Scrap,21.41,47060,1007554.6,12,120906.55,1128461.15,2026-02-13,2026-02-15,2026-02-14,2026-03-31,MH81HD8478,SO00046
SH00047,C005,Paper,OCC Scrap,55.07,17930,987405.1,12,118488.61,1105893.71,2026-02-13,2026-02-15,2026-02-14,2026-03-16,UP88ZS7991,SO00047
SH00048,C018,Paper,OCC Scrap,72.29,16460,1189893.4,12,142787.21,1332680.61,2026-02-13,2026-02-15,2026-02-14,2026-03-31,TN41WJ9540,SO00048
SH00049,C008,Plastic,PET Bottle Scrap,37.99,59270,2251667.3,12,270200.08,2521867.38,2026-02-14,2026-02-16,2026-02-15,2026-04-01,DL50TC3267,SO00049
SH00050,C005,Metal,Cast Iron Scrap,33.73,33530,1130966.9,18,203574.04,1334540.94,2026-02-14,2026-02-15,2026-02-15,2026-03-17,RJ62LT8633,SO00050
SH00051,C014,Metal,MS Scrap,20.51,30940,634579.4,18,114224.29,748803.69,2026-02-14,2026-02-17,2026-02-15,2026-04-01,MH83NR1096,SO00051
SH00052,C012,Plastic,PET Bottle Scrap,61.51,62070,3817925.7,12,458151.08,4276076.78,2026-02-14,2026-02-17,2026-02-15,2026-04-01,MP87HR4595,SO00052
SH00053,C009,Plastic,PVC Scrap,41.42,40830,1691178.6,12,202941.43,1894120.03,2026-02-14,2026-02-17,2026-02-15,2026-03-17,RJ31QE9751,SO00053
SH00054,C001,Plastic,PVC Scrap,49.39,44940,2219586.6,12,266350.39,2485936.99,2026-02-14,2026-02-17,2026-02-15,2026-03-17,RJ27QF1823,SO00054
SH00055,C013,Plastic,HDPE Scrap,20.87,61540,1284339.8,12,154120.78,1438460.58,2026-02-16,2026-02-18,2026-02-17,2026-03-19,RJ42CR1317,SO00055
SH00056,C018,Metal,MS Scrap,79.99,30450,2435695.5,18,438425.19,2874120.69,2026-02-16,2026-02-17,2026-02-17,2026-04-03,MH13HG1333,SO00056
SH00057,C020,Metal,Aluminium Scrap,22.89,134210,3072066.9,18,552972.04,3625038.94,2026-02-16,2026-02-19,2026-02-17,2026-04-03,KA69YJ7043,SO00057
SH00058,C006,Metal,Copper Wire Scrap,63.33,461460,29224261.8,18,5260367.12,34484628.92,2026-02-16,2026-02-17,2026-02-17,2026-04-03,KL13KU7149,SO00058
SH00059,C013,Metal,Cast Iron Scrap,10.7,38910,416337,18,74940.66,491277.66,2026-02-16,2026-02-17,2026-02-17,2026-03-19,GJ99KX2983,SO00059
SH00060,C012,Paper,Mixed Paper Scrap,37.13,10220,379468.6,12,45536.23,425004.83,2026-02-17,2026-02-20,2026-02-18,2026-04-04,DL11PR2729,SO00060
SH00061,C014,Plastic,HDPE Scrap,52.67,71570,3769591.9,12,452351.03,4221942.93,2026-02-17,2026-02-19,2026-02-18,2026-04-04,TG76WJ9817,SO00061
SH00062,C016,Paper,OCC Scrap,37.67,16390,617411.3,12,74089.36,691500.66,2026-02-17,2026-02-19,2026-02-18,2026-04-04,KA21JQ4995,SO00062
SH00063,C019,Plastic,PVC Scrap,30.23,42410,1282054.3,12,153846.52,1435900.82,2026-02-18,2026-02-19,2026-02-19,2026-03-21,UP37MJ6576,SO00063
SH00064,C009,Plastic,PET Bottle Scrap,46.68,55330,2582804.4,12,309936.53,2892740.93,2026-02-18,2026-02-19,2026-02-19,2026-03-21,KA62RT4937,SO00064
SH00065,C016,Paper,OCC Scrap,38.61,12100,467181,12,56061.72,523242.72,2026-02-18,2026-02-19,2026-02-19,2026-04-05,RJ98HK7046,SO00065
SH00066,C016,Paper,Mixed Paper Scrap,44.82,10550,472851,12,56742.12,529593.12,2026-02-18,2026-02-20,2026-02-19,2026-04-05,DL99QJ6023,SO00066
SH00067,C009,Metal,Cast Iron Scrap,14.05,33930,476716.5,18,85808.97,562525.47,2026-02-18,2026-02-21,2026-02-19,2026-03-21,MP98FG4545,SO00067
SH00068,C016,Plastic,PET Bottle Scrap,59.34,64530,3829210.2,12,459505.22,4288715.42,2026-02-18,2026-02-21,2026-02-19,2026-04-05,TN22GK4727,SO00068
SH00069,C006,Plastic,PET Bottle Scrap,6.06,55680,337420.8,12,40490.5,377911.3,2026-02-19,2026-02-20,2026-02-20,2026-04-06,MH80KY3068,SO00069
SH00070,C016,Metal,Copper Wire Scrap,70.45,490180,34533181,18,6215972.58,40749153.58,2026-02-19,2026-02-21,2026-02-20,2026-04-06,UP53FB5136,SO00070
SH00071,C016,Metal,Copper Wire Scrap,66.66,478050,31866813,18,5736026.34,37602839.34,2026-02-19,2026-02-22,2026-02-20,2026-04-06,MH29EU5978,SO00071
SH00072,C003,Metal,Cast Iron Scrap,13.88,39640,550203.2,18,99036.58,649239.78,2026-02-19,2026-02-22,2026-02-20,2026-03-22,KL38SN8381,SO00072
SH00073,C015,Plastic,PET Bottle Scrap,69.51,64800,4504248,12,540509.76,5044757.76,2026-02-19,2026-02-22,2026-02-20,2026-03-22,KL17VZ2625,SO00073
SH00074,C007,Plastic,PET Bottle Scrap,54.53,48140,2625074.2,12,315008.9,2940083.1,2026-02-20,2026-02-23,2026-02-21,2026-03-23,GJ30AP8381,SO00074
SH00075,C020,Paper,OCC Scrap,26.84,13390,359387.6,12,43126.51,402514.11,2026-02-20,2026-02-23,2026-02-21,2026-04-07,UP19XH5334,SO00075
SH00076,C019,Metal,Cast Iron Scrap,36.89,37450,1381530.5,18,248675.49,1630205.99,2026-02-20,2026-02-21,2026-02-21,2026-03-23,TN28CB3718,SO00076
SH00077,C010,Plastic,PET Bottle Scrap,37.94,54370,2062797.8,12,247535.74,2310333.54,2026-02-20,2026-02-23,2026-02-21,2026-04-07,RJ44ST9090,SO00077
SH00078,C003,Metal,MS Scrap,71.71,33140,2376469.4,18,427764.49,2804233.89,2026-02-21,2026-02-23,2026-02-22,2026-03-24,MH21HX1339,SO00078
SH00079,C009,Metal,MS Scrap,62.23,29230,1818982.9,18,327416.92,2146399.82,2026-02-21,2026-02-24,2026-02-22,2026-03-24,UP45FU8141,SO00079
SH00080,C016,Metal,Copper Wire Scrap,40.25,478580,19262845,18,3467312.1,22730157.1,2026-02-21,2026-02-24,2026-02-22,2026-04-08,GJ30LP9117,SO00080
SH00081,C010,Plastic,PVC Scrap,66.02,43250,2855365,12,342643.8,3198008.8,2026-02-21,2026-02-22,2026-02-22,2026-04-08,DL42LD7622,SO00081
SH00082,C017,Metal,MS Scrap,54.32,31800,1727376,18,310927.68,2038303.68,2026-02-21,2026-02-22,2026-02-22,2026-03-24,KA76MV9167,SO00082
SH00083,C015,Metal,MS Scrap,20.27,31840,645396.8,18,116171.42,761568.22,2026-02-21,2026-02-23,2026-02-22,2026-03-24,UP25AW4920,SO00083
SH00084,C010,Paper,Mixed Paper Scrap,6.03,10450,63013.5,12,7561.62,70575.12,2026-02-23,2026-02-24,2026-02-24,2026-04-10,UP25WE9165,SO00084
SH00085,C010,Paper,Mixed Paper Scrap,57.91,10490,607475.9,12,72897.11,680373.01,2026-02-23,2026-02-25,2026-02-24,2026-04-10,KA68TE7284,SO00085
SH00086,C007,Paper,Mixed Paper Scrap,60.97,8820,537755.4,12,64530.65,602286.05,2026-02-23,2026-02-25,2026-02-24,2026-03-26,RJ53SJ1042,SO00086
SH00087,C010,Plastic,PET Bottle Scrap,67.81,56600,3838046,12,460565.52,4298611.52,2026-02-23,2026-02-25,2026-02-24,2026-04-10,TG67TR6654,SO00087
SH00088,C018,Paper,Mixed Paper Scrap,33.29,13600,452744,12,54329.28,507073.28,2026-02-24,2026-02-27,2026-02-25,2026-04-11,KA83NH7730,SO00088
SH00089,C002,Plastic,HDPE Scrap,60.85,69100,4204735,12,504568.2,4709303.2,2026-02-24,2026-02-26,2026-02-25,2026-04-11,TG73BE9229,SO00089
SH00090,C019,Plastic,HDPE Scrap,70.23,72480,5090270.4,12,610832.45,5701102.85,2026-02-24,2026-02-25,2026-02-25,2026-03-27,MP68AZ3361,SO00090
SH00091,C014,Metal,Aluminium Scrap,10.61,143450,1522004.5,18,273960.81,1795965.31,2026-02-24,2026-02-26,2026-02-25,2026-04-11,KL98NW2315,SO00091
SH00092,C011,Paper,Mixed Paper Scrap,33.5,9900,331650,12,39798,371448,2026-02-24,2026-02-27,2026-02-25,2026-03-27,MH89CH5708,SO00092
SH00093,C003,Plastic,PVC Scrap,78.38,46410,3637615.8,12,436513.9,4074129.7,2026-02-25,2026-02-27,2026-02-26,2026-03-28,TG98KA1753,SO00093
SH00094,C011,Metal,MS Scrap,27,30620,826740,18,148813.2,975553.2,2026-02-25,2026-02-26,2026-02-26,2026-03-28,MP62UX3950,SO00094
SH00095,C006,Metal,Aluminium Scrap,10.92,146130,1595739.6,18,287233.13,1882972.73,2026-02-25,2026-02-28,2026-02-26,2026-04-12,KA73UE4804,SO00095
SH00096,C015,Plastic,PET Bottle Scrap,39.47,58340,2302679.8,12,276321.58,2579001.38,2026-02-25,2026-02-27,2026-02-26,2026-03-28,MP30CQ6661,SO00096
SH00097,C014,Plastic,PET Bottle Scrap,39.26,51040,2003830.4,12,240459.65,2244290.05,2026-02-26,2026-02-28,2026-02-27,2026-04-13,GJ40NU6881,SO00097
SH00098,C019,Plastic,PET Bottle Scrap,79.45,50900,4044005,12,485280.6,4529285.6,2026-02-26,2026-02-28,2026-02-27,2026-03-29,TN11UX1803,SO00098
SH00099,C020,Paper,OCC Scrap,67.46,17420,1175153.2,12,141018.38,1316171.58,2026-02-26,2026-03-01,2026-02-27,2026-04-13,DL38WG5106,SO00099
SH00100,C005,Metal,Copper Wire Scrap,72.76,495240,36033662.4,18,6486059.23,42519721.63,2026-02-26,2026-02-28,2026-02-27,2026-03-29,MH84MZ3153,SO00100
SH00101,C003,Plastic,PET Bottle Scrap,29.5,53310,1572645,12,188717.4,1761362.4,2026-02-26,2026-02-27,2026-02-27,2026-03-29,MP56SS5465,SO00101
SH00102,C009,Paper,OCC Scrap,77.55,13770,1067863.5,12,128143.62,1196007.12,2026-02-27,2026-02-28,2026-02-28,2026-03-30,UP19EH7511,SO00102
SH00103,C018,Plastic,HDPE Scrap,11.77,62890,740215.3,12,88825.84,829041.14,2026-02-27,2026-03-02,2026-02-28,2026-04-14,GJ68MX5295,SO00103
SH00104,C019,Plastic,PVC Scrap,66.68,49100,3273988,12,392878.56,3666866.56,2026-02-27,2026-03-02,2026-02-28,2026-03-30,KA70AV6374,SO00104
SH00105,C020,Metal,Cast Iron Scrap,53.57,38350,2054409.5,18,369793.71,2424203.21,2026-02-27,2026-03-02,2026-02-28,2026-04-14,TN93PD3290,SO00105
SH00106,C002,Plastic,PET Bottle Scrap,79.69,47320,3770930.8,12,452511.7,4223442.5,2026-02-28,2026-03-03,2026-03-01,2026-04-15,TG59QM9850,SO00106
SH00107,C014,Metal,Aluminium Scrap,71.41,139650,9972406.5,18,1795033.17,11767439.67,2026-02-28,2026-03-03,2026-03-01,2026-04-15,RJ45BY7070,SO00107
SH00108,C007,Paper,OCC Scrap,38.35,13420,514657,12,61758.84,576415.84,2026-02-28,2026-03-01,2026-03-01,2026-03-31,DL79WM1992,SO00108
SH00109,C009,Metal,Cast Iron Scrap,77.62,41490,3220453.8,18,579681.68,3800135.48,2026-03-02,2026-03-03,2026-03-03,2026-04-02,KA92WV1349,SO00109
SH00110,C002,Plastic,HDPE Scrap,23.27,57520,1338490.4,12,160618.85,1499109.25,2026-03-02,2026-03-03,2026-03-03,2026-04-17,GJ80GU4538,SO00110
SH00111,C008,Plastic,HDPE Scrap,63.08,70770,4464171.6,12,535700.59,4999872.19,2026-03-02,2026-03-03,2026-03-03,2026-04-17,TN28ET5106,SO00111
SH00112,C006,Metal,Copper Wire Scrap,54.58,451800,24659244,18,4438663.92,29097907.92,2026-03-02,2026-03-04,2026-03-03,2026-04-17,KA85LA3854,SO00112
SH00113,C009,Metal,MS Scrap,14.51,30950,449084.5,18,80835.21,529919.71,2026-03-02,2026-03-05,2026-03-03,2026-04-02,GJ70QM9408,SO00113
SH00114,C019,Metal,Copper Wire Scrap,38.9,465510,18108339,18,3259501.02,21367840.02,2026-03-02,2026-03-03,2026-03-03,2026-04-02,MP48QW1510,SO00114
SH00115,C016,Plastic,PVC Scrap,36.97,36620,1353841.4,12,162460.97,1516302.37,2026-03-03,2026-03-04,2026-03-04,2026-04-18,GJ51VE2076,SO00115
SH00116,C005,Plastic,PET Bottle Scrap,51.82,56710,2938712.2,12,352645.46,3291357.66,2026-03-03,2026-03-05,2026-03-04,2026-04-03,KL77KQ9282,SO00116
SH00117,C020,Plastic,PVC Scrap,12.44,45530,566393.2,12,67967.18,634360.38,2026-03-03,2026-03-06,2026-03-04,2026-04-18,MP37PQ4743,SO00117
SH00118,C011,Paper,OCC Scrap,34.9,16380,571662,12,68599.44,640261.44,2026-03-04,2026-03-06,2026-03-05,2026-04-04,DL95JM3500,SO00118
SH00119,C016,Metal,Copper Wire Scrap,11.84,455980,5398803.2,18,971784.58,6370587.78,2026-03-04,2026-03-05,2026-03-05,2026-04-19,DL26TB6400,SO00119
SH00120,C004,Plastic,PVC Scrap,31.52,44980,1417769.6,12,170132.35,1587901.95,2026-03-04,2026-03-07,2026-03-05,2026-04-19,MH46VK6761,SO00120
SH00121,C004,Paper,Mixed Paper Scrap,20.96,11940,250262.4,12,30031.49,280293.89,2026-03-04,2026-03-05,2026-03-05,2026-04-19,DL81MD5564,SO00121
SH00122,C019,Metal,Cast Iron Scrap,65.54,40450,2651093,18,477196.74,3128289.74,2026-03-04,2026-03-07,2026-03-05,2026-04-04,MP13VX5381,SO00122
SH00123,C001,Metal,Aluminium Scrap,25.5,142870,3643185,18,655773.3,4298958.3,2026-03-04,2026-03-06,2026-03-05,2026-04-04,MH33EU7566,SO00123
SH00124,C005,Metal,MS Scrap,11.88,31710,376714.8,18,67808.66,444523.46,2026-03-05,2026-03-07,2026-03-06,2026-04-05,UP53FM6105,SO00124
SH00125,C011,Metal,Copper Wire Scrap,71.25,460890,32838412.5,18,5910914.25,38749326.75,2026-03-05,2026-03-06,2026-03-06,2026-04-05,GJ44QX7947,SO00125
SH00126,C016,Paper,OCC Scrap,36.06,13290,479237.4,12,57508.49,536745.89,2026-03-05,2026-03-06,2026-03-06,2026-04-20,DL65DK8972,SO00126
SH00127,C002,Metal,Cast Iron Scrap,34.64,37990,1315973.6,18,236875.25,1552848.85,2026-03-06,2026-03-07,2026-03-07,2026-04-21,TN37EJ5742,SO00127
SH00128,C011,Metal,Copper Wire Scrap,5.58,502290,2802778.2,18,504500.08,3307278.28,2026-03-06,2026-03-07,2026-03-07,2026-04-06,RJ78YH9196,SO00128
SH00129,C018,Plastic,HDPE Scrap,10.41,72240,752018.4,12,90242.21,842260.61,2026-03-06,2026-03-08,2026-03-07,2026-04-21,MH68CL8033,SO00129
SH00130,C019,Plastic,PVC Scrap,58.21,41270,2402326.7,12,288279.2,2690605.9,2026-03-06,2026-03-08,2026-03-07,2026-04-06,MH51FV8538,SO00130
SH00131,C012,Metal,Copper Wire Scrap,37.75,457410,17267227.5,18,3108100.95,20375328.45,2026-03-06,2026-03-09,2026-03-07,2026-04-21,RJ77CN6083,SO00131
SH00132,C008,Plastic,HDPE Scrap,63.43,56530,3585697.9,12,430283.75,4015981.65,2026-03-07,2026-03-08,2026-03-08,2026-04-22,MP75GM6752,SO00132
SH00133,C005,Metal,Cast Iron Scrap,12.71,34560,439257.6,18,79066.37,518323.97,2026-03-07,2026-03-10,2026-03-08,2026-04-07,TG93CF9095,SO00133
SH00134,C015,Paper,OCC Scrap,56.09,17290,969796.1,12,116375.53,1086171.63,2026-03-07,2026-03-10,2026-03-08,2026-04-07,KL51WL3473,SO00134
SH00135,C015,Metal,Copper Wire Scrap,40.17,494200,19852014,18,3573362.52,23425376.52,2026-03-07,2026-03-10,2026-03-08,2026-04-07,MH55SC6085,SO00135
SH00136,C015,Paper,OCC Scrap,7.82,14210,111122.2,12,13334.66,124456.86,2026-03-07,2026-03-08,2026-03-08,2026-04-07,GJ88VS7299,SO00136
SH00137,C019,Paper,Mixed Paper Scrap,76.57,12430,951765.1,12,114211.81,1065976.91,2026-03-09,2026-03-11,2026-03-10,2026-04-09,KL93GL8792,SO00137
SH00138,C017,Metal,Aluminium Scrap,76.83,133520,10258341.6,18,1846501.49,12104843.09,2026-03-09,2026-03-12,2026-03-10,2026-04-09,GJ74WF1641,SO00138
SH00139,C008,Paper,OCC Scrap,79.32,15140,1200904.8,12,144108.58,1345013.38,2026-03-09,2026-03-10,2026-03-10,2026-04-24,DL57KN7697,SO00139
SH00140,C011,Metal,MS Scrap,64.19,32530,2088100.7,18,375858.13,2463958.83,2026-03-09,2026-03-11,2026-03-10,2026-04-09,GJ81XN5655,SO00140
SH00141,C009,Metal,Aluminium Scrap,30,137480,4124400,18,742392,4866792,2026-03-09,2026-03-11,2026-03-10,2026-04-09,TN93YX7421,SO00141
SH00142,C005,Metal,Copper Wire Scrap,28.22,476370,13443161.4,18,2419769.05,15862930.45,2026-03-09,2026-03-10,2026-03-10,2026-04-09,MP21WX7937,SO00142
SH00143,C001,Plastic,HDPE Scrap,28.16,74020,2084403.2,12,250128.38,2334531.58,2026-03-10,2026-03-12,2026-03-11,2026-04-10,KA38EE2264,SO00143
SH00144,C010,Metal,Copper Wire Scrap,43.08,487780,21013562.4,18,3782441.23,24796003.63,2026-03-10,2026-03-11,2026-03-11,2026-04-25,DL89EV7172,SO00144
SH00145,C005,Metal,Aluminium Scrap,18.56,140790,2613062.4,18,470351.23,3083413.63,2026-03-10,2026-03-11,2026-03-11,2026-04-10,UP15PM4891,SO00145
SH00146,C015,Plastic,PET Bottle Scrap,61.43,60680,3727572.4,12,447308.69,4174881.09,2026-03-10,2026-03-13,2026-03-11,2026-04-10,KA49RG7026,SO00146
SH00147,C019,Paper,OCC Scrap,39.63,13690,542534.7,12,65104.16,607638.86,2026-03-10,2026-03-13,2026-03-11,2026-04-10,MP63FG3267,SO00147
SH00148,C002,Paper,OCC Scrap,70.56,15330,1081684.8,12,129802.18,1211486.98,2026-03-11,2026-03-14,2026-03-12,2026-04-26,MP25KC3626,SO00148
SH00149,C009,Paper,OCC Scrap,72.9,12880,938952,12,112674.24,1051626.24,2026-03-11,2026-03-12,2026-03-12,2026-04-11,KA67MA7797,SO00149
SH00150,C002,Plastic,PVC Scrap,42.65,38540,1643731,12,197247.72,1840978.72,2026-03-11,2026-03-13,2026-03-12,2026-04-26,KA13LD6493,SO00150
SH00151,C005,Metal,Aluminium Scrap,7.87,147520,1160982.4,18,208976.83,1369959.23,2026-03-11,2026-03-14,2026-03-12,2026-04-11,TG70QV1086,SO00151
SH00152,C003,Metal,MS Scrap,24.19,33840,818589.6,18,147346.13,965935.73,2026-03-11,2026-03-14,2026-03-12,2026-04-11,KL77PD5720,SO00152
SH00153,C010,Metal,Copper Wire Scrap,8.58,479390,4113166.2,18,740369.92,4853536.12,2026-03-12,2026-03-14,2026-03-13,2026-04-27,GJ24RV9782,SO00153
SH00154,C001,Paper,Mixed Paper Scrap,48.13,12310,592480.3,12,71097.64,663577.94,2026-03-12,2026-03-14,2026-03-13,2026-04-12,MH88MH7825,SO00154
SH00155,C006,Metal,Copper Wire Scrap,44.26,475240,21034122.4,18,3786142.03,24820264.43,2026-03-12,2026-03-15,2026-03-13,2026-04-27,MP74TA7397,SO00155
SH00156,C016,Metal,MS Scrap,52.68,34870,1836951.6,18,330651.29,2167602.89,2026-03-12,2026-03-15,2026-03-13,2026-04-27,MH55CM4950,SO00156
SH00157,C019,Plastic,HDPE Scrap,15.01,62050,931370.5,12,111764.46,1043134.96,2026-03-13,2026-03-16,2026-03-14,2026-04-13,TG97QY8840,SO00157
SH00158,C006,Metal,Aluminium Scrap,9.73,143290,1394211.7,18,250958.11,1645169.81,2026-03-13,2026-03-14,2026-03-14,2026-04-28,TN35BG1686,SO00158
SH00159,C011,Plastic,PET Bottle Scrap,43.65,64780,2827647,12,339317.64,3166964.64,2026-03-13,2026-03-15,2026-03-14,2026-04-13,TN14WG5687,SO00159
SH00160,C002,Plastic,HDPE Scrap,25.49,70990,1809535.1,12,217144.21,2026679.31,2026-03-14,2026-03-16,2026-03-15,2026-04-29,UP59LF9129,SO00160
SH00161,C016,Plastic,HDPE Scrap,74.32,65390,4859784.8,12,583174.18,5442958.98,2026-03-14,2026-03-17,2026-03-15,2026-04-29,RJ20PV3956,SO00161
SH00162,C018,Plastic,PET Bottle Scrap,29.09,46600,1355594,12,162671.28,1518265.28,2026-03-14,2026-03-16,2026-03-15,2026-04-29,TN67VY7981,SO00162
SH00163,C006,Paper,OCC Scrap,31.37,12250,384282.5,12,46113.9,430396.4,2026-03-14,2026-03-17,2026-03-15,2026-04-29,RJ45WB2229,SO00163
SH00164,C013,Plastic,HDPE Scrap,43.48,70000,3043600,12,365232,3408832,2026-03-14,2026-03-15,2026-03-15,2026-04-14,TG87XQ1570,SO00164
SH00165,C003,Metal,Cast Iron Scrap,63.39,35660,2260487.4,18,406887.73,2667375.13,2026-03-16,2026-03-19,2026-03-17,2026-04-16,MH87EX8371,SO00165
SH00166,C012,Plastic,HDPE Scrap,38.3,56540,2165482,12,259857.84,2425339.84,2026-03-16,2026-03-19,2026-03-17,2026-05-01,DL60LW5566,SO00166
SH00167,C008,Metal,Copper Wire Scrap,6.94,463020,3213358.8,18,578404.58,3791763.38,2026-03-16,2026-03-18,2026-03-17,2026-05-01,MP25JJ8311,SO00167
SH00168,C007,Plastic,PET Bottle Scrap,57.05,64970,3706538.5,12,444784.62,4151323.12,2026-03-16,2026-03-17,2026-03-17,2026-04-16,TG19QF8292,SO00168
SH00169,C011,Plastic,HDPE Scrap,58.22,66000,3842520,12,461102.4,4303622.4,2026-03-17,2026-03-19,2026-03-18,2026-04-17,TG99WF6922,SO00169
SH00170,C017,Metal,Cast Iron Scrap,14.1,34010,479541,18,86317.38,565858.38,2026-03-17,2026-03-18,2026-03-18,2026-04-17,UP13MT7044,SO00170
SH00171,C015,Paper,Mixed Paper Scrap,14.73,13310,196056.3,12,23526.76,219583.06,2026-03-17,2026-03-19,2026-03-18,2026-04-17,RJ71SP7708,SO00171
SH00172,C005,Plastic,HDPE Scrap,53.18,64000,3403520,12,408422.4,3811942.4,2026-03-18,2026-03-21,2026-03-19,2026-04-18,DL26TW3981,SO00172
SH00173,C005,Plastic,PVC Scrap,42.71,48020,2050934.2,12,246112.1,2297046.3,2026-03-18,2026-03-21,2026-03-19,2026-04-18,TG48FF6286,SO00173
SH00174,C008,Plastic,HDPE Scrap,76.06,65380,4972802.8,12,596736.34,5569539.14,2026-03-18,2026-03-19,2026-03-19,2026-05-03,TN35WT5496,SO00174
SH00175,C010,Paper,Mixed Paper Scrap,12.01,11850,142318.5,12,17078.22,159396.72,2026-03-19,2026-03-22,2026-03-20,2026-05-04,TG31XV6531,SO00175
SH00176,C019,Metal,MS Scrap,66.89,28200,1886298,18,339533.64,2225831.64,2026-03-19,2026-03-22,2026-03-20,2026-04-19,KL43WG7825,SO00176
SH00177,C020,Metal,MS Scrap,42.35,32390,1371716.5,18,246908.97,1618625.47,2026-03-19,2026-03-22,2026-03-20,2026-05-04,TN71HX7653,SO00177
SH00178,C010,Paper,OCC Scrap,10.47,12360,129409.2,12,15529.1,144938.3,2026-03-19,2026-03-21,2026-03-20,2026-05-04,UP69GL3353,SO00178
SH00179,C011,Plastic,HDPE Scrap,78.15,57620,4503003,12,540360.36,5043363.36,2026-03-20,2026-03-23,2026-03-21,2026-04-20,MP23LH8642,SO00179
SH00180,C004,Plastic,PET Bottle Scrap,38.72,47820,1851590.4,12,222190.85,2073781.25,2026-03-20,2026-03-22,2026-03-21,2026-05-05,RJ88PH3616,SO00180
SH00181,C011,Plastic,HDPE Scrap,19.24,58190,1119575.6,12,134349.07,1253924.67,2026-03-20,2026-03-22,2026-03-21,2026-04-20,UP49RA2475,SO00181
SH00182,C013,Paper,Mixed Paper Scrap,39.29,9440,370897.6,12,44507.71,415405.31,2026-03-20,2026-03-22,2026-03-21,2026-04-20,MH16KR8710,SO00182
SH00183,C010,Paper,Mixed Paper Scrap,5.61,8640,48470.4,12,5816.45,54286.85,2026-03-20,2026-03-22,2026-03-21,2026-05-05,DL61MB7563,SO00183
SH00184,C019,Paper,Mixed Paper Scrap,19.6,11320,221872,12,26624.64,248496.64,2026-03-21,2026-03-23,2026-03-22,2026-04-21,MP67TJ2946,SO00184
SH00185,C005,Metal,Copper Wire Scrap,34.54,505640,17464805.6,18,3143665.01,20608470.61,2026-03-21,2026-03-24,2026-03-22,2026-04-21,DL28GV9341,SO00185
SH00186,C013,Paper,Mixed Paper Scrap,8.02,8230,66004.6,12,7920.55,73925.15,2026-03-21,2026-03-23,2026-03-22,2026-04-21,MP68EV9446,SO00186
SH00187,C011,Plastic,HDPE Scrap,17.19,74810,1285983.9,12,154318.07,1440301.97,2026-03-23,2026-03-26,2026-03-24,2026-04-23,DL74ST9025,SO00187
SH00188,C019,Plastic,PET Bottle Scrap,40.62,45330,1841304.6,12,220956.55,2062261.15,2026-03-23,2026-03-26,2026-03-24,2026-04-23,GJ63UK1436,SO00188
SH00189,C020,Paper,OCC Scrap,24.91,15930,396816.3,12,47617.96,444434.26,2026-03-23,2026-03-26,2026-03-24,2026-05-08,KA16UR3793,SO00189
SH00190,C017,Plastic,PVC Scrap,16.08,45210,726976.8,12,87237.22,814214.02,2026-03-23,2026-03-26,2026-03-24,2026-04-23,GJ34AQ6139,SO00190
SH00191,C005,Plastic,PVC Scrap,56.79,41160,2337476.4,12,280497.17,2617973.57,2026-03-24,2026-03-26,2026-03-25,2026-04-24,MH27SG6325,SO00191
SH00192,C016,Paper,Mixed Paper Scrap,33.26,13740,456992.4,12,54839.09,511831.49,2026-03-24,2026-03-27,2026-03-25,2026-05-09,DL79MX5331,SO00192
SH00193,C020,Paper,OCC Scrap,19.42,13480,261781.6,12,31413.79,293195.39,2026-03-24,2026-03-26,2026-03-25,2026-05-09,KA48KY4396,SO00193
SH00194,C016,Plastic,HDPE Scrap,40.99,66210,2713947.9,12,325673.75,3039621.65,2026-03-24,2026-03-26,2026-03-25,2026-05-09,GJ83XT7220,SO00194
SH00195,C013,Plastic,HDPE Scrap,76.6,71090,5445494,12,653459.28,6098953.28,2026-03-24,2026-03-25,2026-03-25,2026-04-24,TN20MQ5201,SO00195
SH00196,C016,Metal,Cast Iron Scrap,20.16,37390,753782.4,18,135680.83,889463.23,2026-03-24,2026-03-27,2026-03-25,2026-05-09,TN27DV4920,SO00196
SH00197,C002,Paper,Mixed Paper Scrap,21.93,9400,206142,12,24737.04,230879.04,2026-03-25,2026-03-27,2026-03-26,2026-05-10,DL70DX3252,SO00197
SH00198,C001,Paper,Mixed Paper Scrap,78.34,8950,701143,12,84137.16,785280.16,2026-03-25,2026-03-27,2026-03-26,2026-04-25,UP93GK6262,SO00198
SH00199,C010,Metal,MS Scrap,73.1,28630,2092853,18,376713.54,2469566.54,2026-03-25,2026-03-26,2026-03-26,2026-05-10,MP14FP3880,SO00199
SH00200,C002,Plastic,PVC Scrap,64.1,37790,2422339,12,290680.68,2713019.68,2026-03-25,2026-03-26,2026-03-26,2026-05-10,MH48UV2758,SO00200
SH00201,C010,Paper,OCC Scrap,79.18,15260,1208286.8,12,144994.42,1353281.22,2026-03-26,2026-03-27,2026-03-27,2026-05-11,MP69JG2845,SO00201
SH00202,C011,Metal,Aluminium Scrap,59.83,139450,8343293.5,18,1501792.83,9845086.33,2026-03-26,2026-03-27,2026-03-27,2026-04-26,DL47UX4164,SO00202
SH00203,C006,Plastic,PVC Scrap,67.02,42730,2863764.6,12,343651.75,3207416.35,2026-03-26,2026-03-28,2026-03-27,2026-05-11,GJ33ER6301,SO00203
SH00204,C008,Metal,MS Scrap,24.56,29650,728204,18,131076.72,859280.72,2026-03-26,2026-03-28,2026-03-27,2026-05-11,TN84ZU1187,SO00204
SH00205,C009,Plastic,HDPE Scrap,56.96,56240,3203430.4,12,384411.65,3587842.05,2026-03-26,2026-03-28,2026-03-27,2026-04-26,TN30NX9233,SO00205
SH00206,C004,Plastic,PET Bottle Scrap,32.57,49420,1609609.4,12,193153.13,1802762.53,2026-03-27,2026-03-29,2026-03-28,2026-05-12,TG68ZV7121,SO00206
SH00207,C014,Paper,Mixed Paper Scrap,73.46,12540,921188.4,12,110542.61,1031731.01,2026-03-27,2026-03-28,2026-03-28,2026-05-12,KA97VC9609,SO00207
SH00208,C015,Paper,Mixed Paper Scrap,57.78,8470,489396.6,12,58727.59,548124.19,2026-03-27,2026-03-28,2026-03-28,2026-04-27,MH80SG9792,SO00208
SH00209,C005,Metal,Aluminium Scrap,29.61,135610,4015412.1,18,722774.18,4738186.28,2026-03-27,2026-03-30,2026-03-28,2026-04-27,KA84RC9361,SO00209
SH00210,C015,Metal,MS Scrap,39.01,31590,1232325.9,18,221818.66,1454144.56,2026-03-27,2026-03-30,2026-03-28,2026-04-27,MH81QX6049,SO00210
SH00211,C013,Plastic,PET Bottle Scrap,66.23,59920,3968501.6,12,476220.19,4444721.79,2026-03-28,2026-03-29,2026-03-29,2026-04-28,MH64MY2044,SO00211
SH00212,C018,Metal,MS Scrap,75.09,28480,2138563.2,18,384941.38,2523504.58,2026-03-28,2026-03-29,2026-03-29,2026-05-13,TN62FE7887,SO00212
SH00213,C012,Plastic,PVC Scrap,38.64,48760,1884086.4,12,226090.37,2110176.77,2026-03-28,2026-03-30,2026-03-29,2026-05-13,GJ97XT3178,SO00213
SH00214,C004,Metal,Aluminium Scrap,79.46,131790,10472033.4,18,1884966.01,12356999.41,2026-03-30,2026-04-02,2026-03-31,2026-05-15,KA10AK8585,SO00214
SH00215,C018,Plastic,PVC Scrap,44.9,47350,2126015,12,255121.8,2381136.8,2026-03-30,2026-04-01,2026-03-31,2026-05-15,DL29JG2848,SO00215
SH00216,C002,Plastic,PVC Scrap,51.12,49040,2506924.8,12,300830.98,2807755.78,2026-03-30,2026-03-31,2026-03-31,2026-05-15,KA18DV1550,SO00216
SH00217,C015,Metal,MS Scrap,23.36,28310,661321.6,18,119037.89,780359.49,2026-03-30,2026-03-31,2026-03-31,2026-04-30,MP37BE9255,SO00217
SH00218,C010,Metal,Cast Iron Scrap,66.18,39320,2602197.6,18,468395.57,3070593.17,2026-03-30,2026-04-02,2026-03-31,2026-05-15,KL96LH5944,SO00218
SH00219,C017,Metal,Cast Iron Scrap,36.02,34750,1251695,18,225305.1,1477000.1,2026-03-31,2026-04-03,2026-04-01,2026-05-01,TG90XP9120,SO00219
SH00220,C002,Plastic,HDPE Scrap,75.62,68430,5174676.6,12,620961.19,5795637.79,2026-03-31,2026-04-02,2026-04-01,2026-05-16,RJ62EK7167,SO00220
SH00221,C006,Paper,Mixed Paper Scrap,40.51,13100,530681,12,63681.72,594362.72,2026-03-31,2026-04-03,2026-04-01,2026-05-16,TG69BT7761,SO00221
SH00222,C014,Paper,Mixed Paper Scrap,44.75,10330,462267.5,12,55472.1,517739.6,2026-03-31,2026-04-01,2026-04-01,2026-05-16,DL92CQ7079,SO00222
SH00223,C018,Metal,Cast Iron Scrap,8.87,35770,317279.9,18,57110.38,374390.28,2026-04-01,2026-04-04,2026-04-02,2026-05-17,MH19GU4555,SO00223
SH00224,C016,Metal,Cast Iron Scrap,70.21,35330,2480519.3,18,446493.47,2927012.77,2026-04-01,2026-04-02,2026-04-02,2026-05-17,KA25ZR4974,SO00224
SH00225,C020,Metal,Cast Iron Scrap,34.75,34390,1195052.5,18,215109.45,1410161.95,2026-04-01,2026-04-03,2026-04-02,2026-05-17,RJ69TW6886,SO00225
SH00226,C009,Plastic,HDPE Scrap,43.46,64950,2822727,12,338727.24,3161454.24,2026-04-02,2026-04-05,2026-04-03,2026-05-03,UP50GM6126,SO00226
SH00227,C014,Metal,MS Scrap,47.19,29550,1394464.5,18,251003.61,1645468.11,2026-04-02,2026-04-03,2026-04-03,2026-05-18,TN80UU7841,SO00227
SH00228,C010,Metal,Aluminium Scrap,19.71,126900,2501199,18,450215.82,2951414.82,2026-04-02,2026-04-03,2026-04-03,2026-05-18,UP80WX6530,SO00228
SH00229,C009,Paper,OCC Scrap,77.49,15850,1228216.5,12,147385.98,1375602.48,2026-04-02,2026-04-04,2026-04-03,2026-05-03,TG55FE9954,SO00229
SH00230,C016,Metal,Aluminium Scrap,73.77,136260,10051900.2,18,1809342.04,11861242.24,2026-04-02,2026-04-03,2026-04-03,2026-05-18,MP14CX1794,SO00230
SH00231,C014,Metal,Aluminium Scrap,68.19,126940,8656038.6,18,1558086.95,10214125.55,2026-04-03,2026-04-04,2026-04-04,2026-05-19,KA74QM1990,SO00231
SH00232,C020,Paper,OCC Scrap,54.45,12090,658300.5,12,78996.06,737296.56,2026-04-03,2026-04-06,2026-04-04,2026-05-19,RJ11AS5501,SO00232
SH00233,C018,Plastic,PET Bottle Scrap,6.29,61260,385325.4,12,46239.05,431564.45,2026-04-03,2026-04-05,2026-04-04,2026-05-19,TG23DS3439,SO00233
SH00234,C007,Paper,Mixed Paper Scrap,23.93,10130,242410.9,12,29089.31,271500.21,2026-04-04,2026-04-05,2026-04-05,2026-05-05,DL61QU4984,SO00234
SH00235,C008,Plastic,PET Bottle Scrap,56.3,61960,3488348,12,418601.76,3906949.76,2026-04-04,2026-04-07,2026-04-05,2026-05-20,MH21NN7179,SO00235
SH00236,C018,Paper,OCC Scrap,9.21,12060,111072.6,12,13328.71,124401.31,2026-04-04,2026-04-05,2026-04-05,2026-05-20,UP65WL2562,SO00236
SH00237,C017,Metal,MS Scrap,22.23,34310,762711.3,18,137288.03,899999.33,2026-04-04,2026-04-06,2026-04-05,2026-05-05,TN15CX5593,SO00237
SH00238,C006,Plastic,HDPE Scrap,6.17,59140,364893.8,12,43787.26,408681.06,2026-04-06,2026-04-09,2026-04-07,2026-05-22,RJ19KF4939,SO00238
SH00239,C019,Plastic,PVC Scrap,55.78,43110,2404675.8,12,288561.1,2693236.9,2026-04-06,2026-04-09,2026-04-07,2026-05-07,TG98ZC9204,SO00239
SH00240,C012,Metal,MS Scrap,12.33,29630,365337.9,18,65760.82,431098.72,2026-04-06,2026-04-08,2026-04-07,2026-05-22,KL88VN6347,SO00240
SH00241,C009,Paper,OCC Scrap,41.8,14130,590634,12,70876.08,661510.08,2026-04-07,2026-04-09,2026-04-08,2026-05-08,TG97UX7227,SO00241
SH00242,C003,Plastic,PET Bottle Scrap,64.85,59260,3843011,12,461161.32,4304172.32,2026-04-07,2026-04-09,2026-04-08,2026-05-08,TG58YW3527,SO00242
SH00243,C013,Plastic,HDPE Scrap,32.05,56830,1821401.5,12,218568.18,2039969.68,2026-04-07,2026-04-09,2026-04-08,2026-05-08,DL44DE2430,SO00243
SH00244,C014,Paper,OCC Scrap,46.77,15070,704823.9,12,84578.87,789402.77,2026-04-08,2026-04-09,2026-04-09,2026-05-24,GJ55TC6315,SO00244
SH00245,C013,Metal,MS Scrap,26.89,30710,825791.9,18,148642.54,974434.44,2026-04-08,2026-04-11,2026-04-09,2026-05-09,MP41US3778,SO00245
SH00246,C013,Metal,Aluminium Scrap,15.41,129030,1988352.3,18,357903.41,2346255.71,2026-04-08,2026-04-09,2026-04-09,2026-05-09,GJ31PJ7899,SO00246
SH00247,C010,Paper,OCC Scrap,63.7,14170,902629,12,108315.48,1010944.48,2026-04-08,2026-04-11,2026-04-09,2026-05-24,UP86VG8501,SO00247
SH00248,C005,Plastic,PET Bottle Scrap,5.51,52910,291534.1,12,34984.09,326518.19,2026-04-09,2026-04-11,2026-04-10,2026-05-10,DL66LP3230,SO00248
SH00249,C010,Plastic,HDPE Scrap,50.24,68910,3462038.4,12,415444.61,3877483.01,2026-04-09,2026-04-11,2026-04-10,2026-05-25,TG60LK9044,SO00249
SH00250,C019,Metal,Cast Iron Scrap,29.44,34800,1024512,18,184412.16,1208924.16,2026-04-09,2026-04-11,2026-04-10,2026-05-10,GJ82GU9939,SO00250
SH00251,C018,Metal,MS Scrap,76.48,31230,2388470.4,18,429924.67,2818395.07,2026-04-10,2026-04-12,2026-04-11,2026-05-26,TN98CP9180,SO00251
SH00252,C005,Plastic,PET Bottle Scrap,23.15,58170,1346635.5,12,161596.26,1508231.76,2026-04-10,2026-04-12,2026-04-11,2026-05-11,GJ67VR7566,SO00252
SH00253,C018,Paper,Mixed Paper Scrap,74.26,13220,981717.2,12,117806.06,1099523.26,2026-04-10,2026-04-13,2026-04-11,2026-05-26,MH56YT2392,SO00253
SH00254,C004,Metal,Cast Iron Scrap,54.32,35550,1931076,18,347593.68,2278669.68,2026-04-10,2026-04-13,2026-04-11,2026-05-26,MH82WX7547,SO00254
SH00255,C014,Metal,Copper Wire Scrap,5.79,468110,2710356.9,18,487864.24,3198221.14,2026-04-11,2026-04-14,2026-04-12,2026-05-27,MP81UY4621,SO00255
SH00256,C015,Plastic,HDPE Scrap,34.34,70450,2419253,12,290310.36,2709563.36,2026-04-11,2026-04-14,2026-04-12,2026-05-12,MP29MA8909,SO00256
SH00257,C004,Plastic,PET Bottle Scrap,36.2,64230,2325126,12,279015.12,2604141.12,2026-04-11,2026-04-14,2026-04-12,2026-05-27,TG54KL8460,SO00257
SH00258,C007,Paper,Mixed Paper Scrap,41.22,10860,447649.2,12,53717.9,501367.1,2026-04-11,2026-04-14,2026-04-12,2026-05-12,UP50CK1732,SO00258
SH00259,C004,Metal,MS Scrap,68.69,32540,2235172.6,18,402331.07,2637503.67,2026-04-11,2026-04-12,2026-04-12,2026-05-27,KA76FT3623,SO00259
SH00260,C018,Plastic,PVC Scrap,76.88,38480,2958342.4,12,355001.09,3313343.49,2026-04-13,2026-04-16,2026-04-14,2026-05-29,TG33WX8080,SO00260
SH00261,C013,Metal,MS Scrap,60.3,34180,2061054,18,370989.72,2432043.72,2026-04-13,2026-04-16,2026-04-14,2026-05-14,RJ59AY4519,SO00261
SH00262,C007,Plastic,PET Bottle Scrap,61.42,61170,3757061.4,12,450847.37,4207908.77,2026-04-13,2026-04-16,2026-04-14,2026-05-14,GJ78FM6340,SO00262
SH00263,C007,Paper,OCC Scrap,13.55,16020,217071,12,26048.52,243119.52,2026-04-13,2026-04-16,2026-04-14,2026-05-14,DL86NV7431,SO00263
SH00264,C019,Metal,Copper Wire Scrap,31.09,509190,15830717.1,18,2849529.08,18680246.18,2026-04-13,2026-04-14,2026-04-14,2026-05-14,TN88UC3194,SO00264
SH00265,C004,Metal,Cast Iron Scrap,27.9,33830,943857,18,169894.26,1113751.26,2026-04-14,2026-04-17,2026-04-15,2026-05-30,RJ63VE7286,SO00265
SH00266,C014,Metal,Aluminium Scrap,41.5,136120,5648980,18,1016816.4,6665796.4,2026-04-14,2026-04-15,2026-04-15,2026-05-30,MP31RK3298,SO00266
SH00267,C006,Plastic,HDPE Scrap,68.15,67390,4592628.5,12,551115.42,5143743.92,2026-04-14,2026-04-15,2026-04-15,2026-05-30,UP27GN9281,SO00267
SH00268,C016,Plastic,PVC Scrap,56.35,41230,2323310.5,12,278797.26,2602107.76,2026-04-14,2026-04-16,2026-04-15,2026-05-30,TG20UA4613,SO00268
SH00269,C010,Metal,MS Scrap,25.61,31760,813373.6,18,146407.25,959780.85,2026-04-14,2026-04-16,2026-04-15,2026-05-30,KL73TS2854,SO00269
SH00270,C009,Paper,Mixed Paper Scrap,66.75,10200,680850,12,81702,762552,2026-04-15,2026-04-18,2026-04-16,2026-05-16,UP79GP2677,SO00270
SH00271,C008,Plastic,PET Bottle Scrap,70.61,45640,3222640.4,12,386716.85,3609357.25,2026-04-15,2026-04-17,2026-04-16,2026-05-31,GJ66DH4438,SO00271
SH00272,C019,Plastic,HDPE Scrap,69.58,67210,4676471.8,12,561176.62,5237648.42,2026-04-15,2026-04-16,2026-04-16,2026-05-16,KL27GG1972,SO00272
SH00273,C018,Plastic,PET Bottle Scrap,49.76,48370,2406891.2,12,288826.94,2695718.14,2026-04-16,2026-04-18,2026-04-17,2026-06-01,KL44SX2560,SO00273
SH00274,C005,Plastic,PVC Scrap,73.91,49890,3687369.9,12,442484.39,4129854.29,2026-04-16,2026-04-17,2026-04-17,2026-05-17,TG41EY6277,SO00274
SH00275,C008,Plastic,PVC Scrap,41.71,43660,1821058.6,12,218527.03,2039585.63,2026-04-16,2026-04-19,2026-04-17,2026-06-01,RJ58QC2525,SO00275
SH00276,C013,Paper,Mixed Paper Scrap,61.24,12170,745290.8,12,89434.9,834725.7,2026-04-16,2026-04-18,2026-04-17,2026-05-17,UP51UA2526,SO00276
SH00277,C015,Plastic,HDPE Scrap,68.76,70910,4875771.6,12,585092.59,5460864.19,2026-04-16,2026-04-17,2026-04-17,2026-05-17,RJ37RJ6289,SO00277
SH00278,C011,Paper,Mixed Paper Scrap,48.35,11400,551190,12,66142.8,617332.8,2026-04-17,2026-04-19,2026-04-18,2026-05-18,MH15DW8529,SO00278
SH00279,C001,Metal,Copper Wire Scrap,74.71,461060,34445792.6,18,6200242.67,40646035.27,2026-04-17,2026-04-18,2026-04-18,2026-05-18,RJ35YE5945,SO00279
SH00280,C006,Plastic,PET Bottle Scrap,12,52210,626520,12,75182.4,701702.4,2026-04-17,2026-04-19,2026-04-18,2026-06-02,TG16NW6005,SO00280
SH00281,C008,Plastic,PVC Scrap,54.16,45560,2467529.6,12,296103.55,2763633.15,2026-04-17,2026-04-18,2026-04-18,2026-06-02,UP19EU4705,SO00281
SH00282,C017,Paper,OCC Scrap,5.7,16170,92169,12,11060.28,103229.28,2026-04-17,2026-04-19,2026-04-18,2026-05-18,TG71CH7276,SO00282
SH00283,C004,Metal,Copper Wire Scrap,28.5,511670,14582595,18,2624867.1,17207462.1,2026-04-18,2026-04-20,2026-04-19,2026-06-03,TG92XE2120,SO00283
SH00284,C017,Metal,MS Scrap,50.77,29150,1479945.5,18,266390.19,1746335.69,2026-04-18,2026-04-21,2026-04-19,2026-05-19,KA90ZE7745,SO00284
SH00285,C020,Paper,OCC Scrap,69.5,12520,870140,12,104416.8,974556.8,2026-04-18,2026-04-19,2026-04-19,2026-06-03,GJ85ZN6759,SO00285
SH00286,C011,Metal,Aluminium Scrap,23.58,139340,3285637.2,18,591414.7,3877051.9,2026-04-20,2026-04-23,2026-04-21,2026-05-21,KL86ZV5668,SO00286
SH00287,C001,Plastic,PET Bottle Scrap,20.41,57140,1166227.4,12,139947.29,1306174.69,2026-04-20,2026-04-23,2026-04-21,2026-05-21,RJ47WB4921,SO00287
SH00288,C016,Plastic,PVC Scrap,13.46,42490,571915.4,12,68629.85,640545.25,2026-04-20,2026-04-21,2026-04-21,2026-06-05,MP11ML3162,SO00288
SH00289,C013,Plastic,PVC Scrap,32.41,45240,1466228.4,12,175947.41,1642175.81,2026-04-20,2026-04-21,2026-04-21,2026-05-21,MH85CA5295,SO00289
SH00290,C007,Metal,MS Scrap,74.19,34640,2569941.6,18,462589.49,3032531.09,2026-04-20,2026-04-23,2026-04-21,2026-05-21,TN90YS7806,SO00290
SH00291,C014,Plastic,PVC Scrap,11.18,43050,481299,12,57755.88,539054.88,2026-04-20,2026-04-21,2026-04-21,2026-06-05,TN20KC9377,SO00291
SH00292,C005,Paper,Mixed Paper Scrap,29.51,11520,339955.2,12,40794.62,380749.82,2026-04-21,2026-04-24,2026-04-22,2026-05-22,GJ49YP4909,SO00292
SH00293,C002,Metal,Cast Iron Scrap,11.47,36340,416819.8,18,75027.56,491847.36,2026-04-21,2026-04-24,2026-04-22,2026-06-06,KL17KX3877,SO00293
SH00294,C004,Metal,MS Scrap,58.09,32910,1911741.9,18,344113.54,2255855.44,2026-04-21,2026-04-23,2026-04-22,2026-06-06,DL76SZ5247,SO00294
SH00295,C006,Plastic,HDPE Scrap,14.52,70620,1025402.4,12,123048.29,1148450.69,2026-04-21,2026-04-24,2026-04-22,2026-06-06,GJ13LP5456,SO00295
SH00296,C009,Metal,Copper Wire Scrap,42.21,485750,20503507.5,18,3690631.35,24194138.85,2026-04-22,2026-04-24,2026-04-23,2026-05-23,KL31MF5179,SO00296
SH00297,C004,Metal,Copper Wire Scrap,22.13,485620,10746770.6,18,1934418.71,12681189.31,2026-04-22,2026-04-23,2026-04-23,2026-06-07,KA15RM7274,SO00297
SH00298,C005,Metal,Aluminium Scrap,74.84,145720,10905684.8,18,1963023.26,12868708.06,2026-04-22,2026-04-25,2026-04-23,2026-05-23,RJ38LH7819,SO00298
SH00299,C009,Metal,Copper Wire Scrap,47.87,458360,21941693.2,18,3949504.78,25891197.98,2026-04-23,2026-04-24,2026-04-24,2026-05-24,TG38SB7568,SO00299
SH00300,C003,Paper,OCC Scrap,69.95,16640,1163968,12,139676.16,1303644.16,2026-04-23,2026-04-25,2026-04-24,2026-05-24,GJ80QA7044,SO00300
SH00301,C007,Plastic,PET Bottle Scrap,47.29,51080,2415573.2,12,289868.78,2705441.98,2026-04-23,2026-04-24,2026-04-24,2026-05-24,UP57UR4201,SO00301
SH00302,C018,Metal,Cast Iron Scrap,16.29,41320,673102.8,18,121158.5,794261.3,2026-04-23,2026-04-24,2026-04-24,2026-06-08,MP54WY1157,SO00302
SH00303,C011,Metal,MS Scrap,61.92,30630,1896609.6,18,341389.73,2237999.33,2026-04-23,2026-04-24,2026-04-24,2026-05-24,KA77HP9061,SO00303
SH00304,C005,Plastic,PET Bottle Scrap,11.98,63430,759891.4,12,91186.97,851078.37,2026-04-24,2026-04-26,2026-04-25,2026-05-25,DL68ZC2565,SO00304
SH00305,C017,Metal,Aluminium Scrap,52.79,131830,6959305.7,18,1252675.03,8211980.73,2026-04-24,2026-04-27,2026-04-25,2026-05-25,MH65XE4879,SO00305
SH00306,C010,Plastic,PET Bottle Scrap,68.82,63520,4371446.4,12,524573.57,4896019.97,2026-04-24,2026-04-27,2026-04-25,2026-06-09,DL50QJ4827,SO00306
SH00307,C007,Metal,Aluminium Scrap,63.5,137540,8733790,18,1572082.2,10305872.2,2026-04-25,2026-04-26,2026-04-26,2026-05-26,TG67QL7660,SO00307
SH00308,C004,Paper,Mixed Paper Scrap,31.87,12620,402199.4,12,48263.93,450463.33,2026-04-25,2026-04-27,2026-04-26,2026-06-10,UP43DC3582,SO00308
SH00309,C010,Metal,MS Scrap,21.13,34000,718420,18,129315.6,847735.6,2026-04-25,2026-04-26,2026-04-26,2026-06-10,KA55NS1802,SO00309
SH00310,C009,Metal,Aluminium Scrap,7.33,132130,968512.9,18,174332.32,1142845.22,2026-04-27,2026-04-30,2026-04-28,2026-05-28,MP41DQ2669,SO00310
SH00311,C005,Metal,Copper Wire Scrap,5.9,508130,2997967,18,539634.06,3537601.06,2026-04-27,2026-04-28,2026-04-28,2026-05-28,KA61MX2376,SO00311
SH00312,C019,Plastic,PET Bottle Scrap,73.81,46500,3432165,12,411859.8,3844024.8,2026-04-27,2026-04-28,2026-04-28,2026-05-28,UP26CL3007,SO00312
SH00313,C002,Paper,OCC Scrap,8.8,17540,154352,12,18522.24,172874.24,2026-04-27,2026-04-30,2026-04-28,2026-06-12,RJ73AN7990,SO00313
SH00314,C006,Plastic,HDPE Scrap,21.1,58740,1239414,12,148729.68,1388143.68,2026-04-27,2026-04-29,2026-04-28,2026-06-12,TG14VV5026,SO00314
SH00315,C016,Plastic,PVC Scrap,71.21,42190,3004349.9,12,360521.99,3364871.89,2026-04-28,2026-04-30,2026-04-29,2026-06-13,RJ27PG9614,SO00315
SH00316,C008,Paper,Mixed Paper Scrap,64.61,13940,900663.4,12,108079.61,1008743.01,2026-04-28,2026-04-30,2026-04-29,2026-06-13,MP72MU9231,SO00316
SH00317,C011,Plastic,PVC Scrap,25.28,35390,894659.2,12,107359.1,1002018.3,2026-04-28,2026-04-29,2026-04-29,2026-05-29,MH45BR9674,SO00317
SH00318,C012,Metal,Cast Iron Scrap,78.05,33000,2575650,18,463617,3039267,2026-04-28,2026-04-29,2026-04-29,2026-06-13,TN78ZB4594,SO00318
SH00319,C019,Plastic,PVC Scrap,31.61,47590,1504319.9,12,180518.39,1684838.29,2026-04-28,2026-04-29,2026-04-29,2026-05-29,KA85LZ6878,SO00319
SH00320,C012,Metal,Aluminium Scrap,47.23,125650,5934449.5,18,1068200.91,7002650.41,2026-04-29,2026-05-02,2026-04-30,2026-06-14,TN32RB2478,SO00320
SH00321,C002,Metal,Cast Iron Scrap,50.12,32200,1613864,18,290495.52,1904359.52,2026-04-29,2026-04-30,2026-04-30,2026-06-14,DL88GE6582,SO00321
SH00322,C006,Plastic,HDPE Scrap,9.47,57950,548786.5,12,65854.38,614640.88,2026-04-29,2026-04-30,2026-04-30,2026-06-14,MP56CM7481,SO00322
SH00323,C011,Plastic,PET Bottle Scrap,29.2,64520,1883984,12,226078.08,2110062.08,2026-04-30,2026-05-03,2026-05-01,2026-05-31,UP93LF6846,SO00323
SH00324,C008,Metal,Aluminium Scrap,33.38,142020,4740627.6,18,853312.97,5593940.57,2026-04-30,2026-05-01,2026-05-01,2026-06-15,TG10YU7415,SO00324
SH00325,C019,Metal,MS Scrap,18.66,30230,564091.8,18,101536.52,665628.32,2026-04-30,2026-05-01,2026-05-01,2026-05-31,KL23RE6425,SO00325
SH00326,C008,Plastic,HDPE Scrap,78.68,58360,4591764.8,12,551011.78,5142776.58,2026-05-01,2026-05-04,2026-05-02,2026-06-16,DL67AJ4435,SO00326
SH00327,C008,Metal,Copper Wire Scrap,31.29,505090,15804266.1,18,2844767.9,18649034,2026-05-01,2026-05-02,2026-05-02,2026-06-16,RJ66ZP3725,SO00327
SH00328,C014,Paper,OCC Scrap,71.13,14110,1003644.3,12,120437.32,1124081.62,2026-05-01,2026-05-02,2026-05-02,2026-06-16,UP83WX4695,SO00328
SH00329,C015,Metal,Copper Wire Scrap,64.94,452340,29374959.6,18,5287492.73,34662452.33,2026-05-02,2026-05-04,2026-05-03,2026-06-02,TN23CL3787,SO00329
SH00330,C013,Metal,Aluminium Scrap,59.9,136410,8170959,18,1470772.62,9641731.62,2026-05-02,2026-05-04,2026-05-03,2026-06-02,KL88RY1507,SO00330
SH00331,C014,Metal,Aluminium Scrap,50.55,133030,6724666.5,18,1210439.97,7935106.47,2026-05-02,2026-05-03,2026-05-03,2026-06-17,DL36GP9849,SO00331
SH00332,C009,Plastic,PET Bottle Scrap,27.31,46920,1281385.2,12,153766.22,1435151.42,2026-05-02,2026-05-05,2026-05-03,2026-06-02,MP72EB6911,SO00332
SH00333,C014,Metal,Copper Wire Scrap,27.09,496340,13445850.6,18,2420253.11,15866103.71,2026-05-04,2026-05-06,2026-05-05,2026-06-19,KA22AG3798,SO00333
SH00334,C010,Metal,Copper Wire Scrap,40.52,458090,18561806.8,18,3341125.22,21902932.02,2026-05-04,2026-05-06,2026-05-05,2026-06-19,UP94JC9914,SO00334
SH00335,C013,Metal,Aluminium Scrap,32.83,131440,4315175.2,18,776731.54,5091906.74,2026-05-04,2026-05-06,2026-05-05,2026-06-04,MH43QQ5315,SO00335
SH00336,C009,Metal,MS Scrap,16.33,32880,536930.4,18,96647.47,633577.87,2026-05-05,2026-05-06,2026-05-06,2026-06-05,DL79PU4727,SO00336
SH00337,C018,Metal,MS Scrap,68.06,33730,2295663.8,18,413219.48,2708883.28,2026-05-05,2026-05-08,2026-05-06,2026-06-20,UP83HR5896,SO00337
SH00338,C003,Plastic,PVC Scrap,72.71,45710,3323574.1,12,398828.89,3722402.99,2026-05-05,2026-05-08,2026-05-06,2026-06-05,MP83XV3415,SO00338
SH00339,C004,Paper,OCC Scrap,17.97,17910,321842.7,12,38621.12,360463.82,2026-05-05,2026-05-06,2026-05-06,2026-06-20,TG15PC8133,SO00339
SH00340,C005,Plastic,PET Bottle Scrap,28.98,59540,1725469.2,12,207056.3,1932525.5,2026-05-06,2026-05-07,2026-05-07,2026-06-06,RJ81NT6343,SO00340
SH00341,C009,Paper,Mixed Paper Scrap,39.36,13240,521126.4,12,62535.17,583661.57,2026-05-06,2026-05-09,2026-05-07,2026-06-06,MP63DP3451,SO00341
SH00342,C005,Metal,Copper Wire Scrap,74.37,489390,36395934.3,18,6551268.17,42947202.47,2026-05-06,2026-05-08,2026-05-07,2026-06-06,MP54PJ7275,SO00342
SH00343,C016,Paper,OCC Scrap,7.81,13650,106606.5,12,12792.78,119399.28,2026-05-06,2026-05-09,2026-05-07,2026-06-21,KL97YN1635,SO00343
SH00344,C011,Metal,Cast Iron Scrap,8.7,36750,319725,18,57550.5,377275.5,2026-05-07,2026-05-09,2026-05-08,2026-06-07,MH53KK5593,SO00344
SH00345,C016,Metal,Copper Wire Scrap,77.94,465960,36316922.4,18,6537046.03,42853968.43,2026-05-07,2026-05-10,2026-05-08,2026-06-22,UP51JZ7828,SO00345
SH00346,C020,Metal,Copper Wire Scrap,19.1,464800,8877680,18,1597982.4,10475662.4,2026-05-07,2026-05-10,2026-05-08,2026-06-22,UP76MB9442,SO00346
SH00347,C006,Metal,Copper Wire Scrap,28.33,485480,13753648.4,18,2475656.71,16229305.11,2026-05-07,2026-05-10,2026-05-08,2026-06-22,KL13FG4288,SO00347
SH00348,C002,Metal,Cast Iron Scrap,7.48,32510,243174.8,18,43771.46,286946.26,2026-05-07,2026-05-10,2026-05-08,2026-06-22,KA45MQ9275,SO00348
SH00349,C013,Metal,Copper Wire Scrap,56.09,466940,26190664.6,18,4714319.63,30904984.23,2026-05-07,2026-05-10,2026-05-08,2026-06-07,UP32RU6730,SO00349
SH00350,C006,Plastic,PET Bottle Scrap,61.17,58780,3595572.6,12,431468.71,4027041.31,2026-05-08,2026-05-09,2026-05-09,2026-06-23,RJ16FU4511,SO00350
SH00351,C008,Metal,Cast Iron Scrap,55.83,34690,1936742.7,18,348613.69,2285356.39,2026-05-08,2026-05-11,2026-05-09,2026-06-23,MH97AR3167,SO00351
SH00352,C006,Metal,MS Scrap,21.78,32260,702622.8,18,126472.1,829094.9,2026-05-08,2026-05-11,2026-05-09,2026-06-23,TN64NM8520,SO00352
SH00353,C009,Metal,Cast Iron Scrap,40,38770,1550800,18,279144,1829944,2026-05-08,2026-05-10,2026-05-09,2026-06-08,KL23AS7131,SO00353
SH00354,C018,Plastic,PET Bottle Scrap,27.39,47160,1291712.4,12,155005.49,1446717.89,2026-05-08,2026-05-10,2026-05-09,2026-06-23,TN91LJ5278,SO00354
SH00355,C007,Metal,Aluminium Scrap,43.8,127210,5571798,18,1002923.64,6574721.64,2026-05-09,2026-05-12,2026-05-10,2026-06-09,RJ94LX3292,SO00355
SH00356,C001,Paper,OCC Scrap,79.81,13560,1082223.6,12,129866.83,1212090.43,2026-05-09,2026-05-11,2026-05-10,2026-06-09,RJ14UY4111,SO00356
SH00357,C011,Metal,Cast Iron Scrap,56.47,38380,2167318.6,18,390117.35,2557435.95,2026-05-09,2026-05-12,2026-05-10,2026-06-09,DL74KF3967,SO00357
SH00358,C010,Metal,Copper Wire Scrap,40.31,501860,20229976.6,18,3641395.79,23871372.39,2026-05-09,2026-05-10,2026-05-10,2026-06-24,DL93CH6820,SO00358
SH00359,C008,Plastic,PET Bottle Scrap,36.54,62740,2292519.6,12,275102.35,2567621.95,2026-05-09,2026-05-11,2026-05-10,2026-06-24,KL47QD8709,SO00359
SH00360,C004,Plastic,HDPE Scrap,25.15,68120,1713218,12,205586.16,1918804.16,2026-05-17,2026-05-20,2026-05-18,2026-07-02,TN34NE2994,SO00360
SH00361,C015,Metal,MS Scrap,66.69,28280,1885993.2,18,339478.78,2225471.98,2026-05-17,2026-05-20,2026-05-18,2026-06-17,MH18AB5437,SO00361
SH00362,C015,Plastic,HDPE Scrap,42.85,64840,2778394,12,333407.28,3111801.28,2026-05-17,2026-05-20,2026-05-18,2026-06-17,DL39EC1927,SO00362
SH00363,C019,Plastic,HDPE Scrap,56.97,60470,3444975.9,12,413397.11,3858373.01,2026-05-17,2026-05-18,2026-05-18,2026-06-17,TG44CB4355,SO00363
SH00364,C002,Paper,OCC Scrap,56.1,14570,817377,12,98085.24,915462.24,2026-05-17,2026-05-20,2026-05-18,2026-07-02,MP19PA5382,SO00364
SH00365,C017,Plastic,HDPE Scrap,59.21,71280,4220488.8,12,506458.66,4726947.46,2026-05-17,2026-05-20,2026-05-18,2026-06-17,UP91HR5407,SO00365
SH00366,C018,Plastic,PET Bottle Scrap,47.1,56710,2671041,12,320524.92,2991565.92,2026-05-17,2026-05-19,2026-05-18,2026-07-02,TN73IY1405,SO00366
SH00367,C013,Paper,Mixed Paper Scrap,18.33,8340,152872.2,12,18344.66,171216.86,2026-05-17,2026-05-18,2026-05-18,2026-06-17,KA42PB6952,SO00367
SH00368,C008,Paper,Mixed Paper Scrap,55.53,13200,732996,12,87959.52,820955.52,2026-05-17,2026-05-18,2026-05-18,2026-07-02,TG65WF3347,SO00368
SH00369,C004,Plastic,PET Bottle Scrap,72.69,49390,3590159.1,12,430819.09,4020978.19,2026-05-17,2026-05-20,2026-05-18,2026-07-02,KL40JR4222,SO00369
SH00370,C005,Plastic,HDPE Scrap,40.58,64300,2609294,12,313115.28,2922409.28,2026-05-17,2026-05-18,2026-05-18,2026-06-17,GJ68JB7909,SO00370
SH00371,C012,Metal,Cast Iron Scrap,45.88,41270,1893467.6,18,340824.17,2234291.77,2026-05-17,2026-05-20,2026-05-18,2026-07-02,UP72IA1736,SO00371
SH00372,C007,Plastic,PET Bottle Scrap,10.71,47350,507118.5,12,60854.22,567972.72,2026-05-17,2026-05-19,2026-05-18,2026-06-17,UP60DC8640,SO00372
SH00373,C016,Paper,Mixed Paper Scrap,76.47,13720,1049168.4,12,125900.21,1175068.61,2026-05-17,2026-05-18,2026-05-18,2026-07-02,KL51LH2580,SO00373
SH00374,C016,Paper,OCC Scrap,12.6,15500,195300,12,23436,218736,2026-05-17,2026-05-19,2026-05-18,2026-07-02,TG95VV3914,SO00374
SH00375,C017,Metal,Aluminium Scrap,37.99,131810,5007461.9,18,901343.14,5908805.04,2026-05-17,2026-05-18,2026-05-18,2026-06-17,MH73CY2510,SO00375
SH00376,C014,Plastic,HDPE Scrap,19.75,55670,1099482.5,12,131937.9,1231420.4,2026-05-17,2026-05-18,2026-05-18,2026-07-02,GJ66XC3409,SO00376
SH00377,C004,Paper,Mixed Paper Scrap,50.03,12740,637382.2,12,76485.86,713868.06,2026-05-17,2026-05-19,2026-05-18,2026-07-02,KL87LX7767,SO00377
SH00378,C012,Metal,Aluminium Scrap,62.05,145530,9030136.5,18,1625424.57,10655561.07,2026-05-17,2026-05-20,2026-05-18,2026-07-02,TN17OO8501,SO00378
SH00379,C002,Paper,Mixed Paper Scrap,77.16,13300,1026228,12,123147.36,1149375.36,2026-05-17,2026-05-20,2026-05-18,2026-07-02,KL93GG3863,SO00379
SH00380,C017,Plastic,HDPE Scrap,53.72,61940,3327416.8,12,399290.02,3726706.82,2026-05-17,2026-05-20,2026-05-18,2026-06-17,TG29NA1540,SO00380
SH00381,C014,Paper,OCC Scrap,34.63,14770,511485.1,12,61378.21,572863.31,2026-05-17,2026-05-20,2026-05-18,2026-07-02,TN85EH4124,SO00381
SH00382,C017,Paper,Mixed Paper Scrap,71.1,9080,645588,12,77470.56,723058.56,2026-05-17,2026-05-20,2026-05-18,2026-06-17,KL63ZC4851,SO00382
SH00383,C019,Metal,MS Scrap,71.08,29070,2066295.6,18,371933.21,2438228.81,2026-05-17,2026-05-19,2026-05-18,2026-06-17,MP33DX8973,SO00383
SH00384,C016,Paper,OCC Scrap,69.58,17170,1194688.6,12,143362.63,1338051.23,2026-05-17,2026-05-20,2026-05-18,2026-07-02,TN77YH8504,SO00384
SH00385,C009,Metal,Aluminium Scrap,58.83,137210,8072064.3,18,1452971.57,9525035.87,2026-05-17,2026-05-18,2026-05-18,2026-06-17,KA24AD6982,SO00385
SH00386,C001,Plastic,PET Bottle Scrap,22.73,54070,1229011.1,12,147481.33,1376492.43,2026-05-17,2026-05-20,2026-05-18,2026-06-17,RJ34MF5691,SO00386
SH00387,C011,Paper,Mixed Paper Scrap,65.19,11060,721001.4,12,86520.17,807521.57,2026-05-17,2026-05-18,2026-05-18,2026-06-17,UP92SU4970,SO00387
SH00388,C013,Metal,Cast Iron Scrap,65.33,32910,2150010.3,18,387001.85,2537012.15,2026-05-17,2026-05-19,2026-05-18,2026-06-17,RJ56KO4061,SO00388
SH00389,C005,Paper,Mixed Paper Scrap,11.85,10050,119092.5,12,14291.1,133383.6,2026-05-17,2026-05-18,2026-05-18,2026-06-17,MP11UD8193,SO00389
SH00390,C013,Plastic,PET Bottle Scrap,67.66,45880,3104240.8,12,372508.9,3476749.7,2026-05-17,2026-05-18,2026-05-18,2026-06-17,TN65IS7864,SO00390
SH00391,C010,Metal,MS Scrap,55.71,29270,1630631.7,18,293513.71,1924145.41,2026-05-17,2026-05-20,2026-05-18,2026-07-02,MH79RX6626,SO00391
SH00392,C014,Metal,MS Scrap,67.43,29160,1966258.8,18,353926.58,2320185.38,2026-05-17,2026-05-18,2026-05-18,2026-07-02,RJ43XF3873,SO00392
SH00393,C017,Plastic,PET Bottle Scrap,75.62,52310,3955682.2,12,474681.86,4430364.06,2026-05-17,2026-05-19,2026-05-18,2026-06-17,MP54PO8124,SO00393
SH00394,C003,Plastic,HDPE Scrap,71.44,58440,4174953.6,12,500994.43,4675948.03,2026-05-17,2026-05-20,2026-05-18,2026-06-17,MP18LA7420,SO00394
SH00395,C014,Paper,OCC Scrap,52.29,15880,830365.2,12,99643.82,930009.02,2026-05-17,2026-05-19,2026-05-18,2026-07-02,MH49PQ9978,SO00395
SH00396,C017,Metal,MS Scrap,59.67,33470,1997154.9,18,359487.88,2356642.78,2026-05-17,2026-05-20,2026-05-18,2026-06-17,KL46YK6642,SO00396
SH00397,C013,Metal,MS Scrap,52.44,31120,1631932.8,18,293747.9,1925680.7,2026-05-17,2026-05-19,2026-05-18,2026-06-17,KL20BR4882,SO00397
SH00398,C004,Metal,Aluminium Scrap,78.64,142760,11226646.4,18,2020796.35,13247442.75,2026-05-17,2026-05-18,2026-05-18,2026-07-02,UP44VT9635,SO00398
SH00399,C006,Paper,Mixed Paper Scrap,48.57,9580,465300.6,12,55836.07,521136.67,2026-05-17,2026-05-18,2026-05-18,2026-07-02,KA69FA3116,SO00399
SH00400,C003,Metal,Aluminium Scrap,36.13,131100,4736643,18,852595.74,5589238.74,2026-05-17,2026-05-20,2026-05-18,2026-06-17,GJ12IS5276,SO00400
SH00401,C017,Metal,Aluminium Scrap,48.43,131740,6380168.2,18,1148430.28,7528598.48,2026-05-17,2026-05-19,2026-05-18,2026-06-17,MP88XT7931,SO00401
SH00402,C016,Paper,Mixed Paper Scrap,74.88,12350,924768,12,110972.16,1035740.16,2026-05-17,2026-05-18,2026-05-18,2026-07-02,RJ26VP7955,SO00402
SH00403,C008,Paper,OCC Scrap,45.77,16520,756120.4,12,90734.45,846854.85,2026-05-17,2026-05-19,2026-05-18,2026-07-02,KA70BS8786,SO00403
SH00404,C014,Metal,Cast Iron Scrap,46.22,36590,1691189.8,18,304414.16,1995603.96,2026-05-17,2026-05-18,2026-05-18,2026-07-02,MP71XB4720,SO00404
SH00405,C017,Metal,Aluminium Scrap,70.09,140750,9865167.5,18,1775730.15,11640897.65,2026-05-17,2026-05-19,2026-05-18,2026-06-17,KL17AM4309,SO00405
SH00406,C005,Metal,Aluminium Scrap,15.61,144290,2252366.9,18,405426.04,2657792.94,2026-05-17,2026-05-18,2026-05-18,2026-06-17,RJ12AF3983,SO00406
SH00407,C018,Plastic,PET Bottle Scrap,32.98,54040,1782239.2,12,213868.7,1996107.9,2026-05-17,2026-05-20,2026-05-18,2026-07-02,MH66UL8483,SO00407
SH00408,C016,Plastic,HDPE Scrap,71.1,70610,5020371,12,602444.52,5622815.52,2026-05-17,2026-05-18,2026-05-18,2026-07-02,GJ49XC5401,SO00408
SH00409,C011,Plastic,HDPE Scrap,24.43,67120,1639741.6,12,196768.99,1836510.59,2026-05-17,2026-05-19,2026-05-18,2026-06-17,GJ50MV5988,SO00409
SH00410,C009,Paper,OCC Scrap,58,15870,920460,12,110455.2,1030915.2,2026-05-17,2026-05-19,2026-05-18,2026-06-17,RJ43XR1153,SO00410
SH00411,C018,Metal,Aluminium Scrap,45.16,147660,6668325.6,18,1200298.61,7868624.21,2026-05-17,2026-05-19,2026-05-18,2026-07-02,KA84LR6762,SO00411
SH00412,C018,Paper,Mixed Paper Scrap,61.56,11240,691934.4,12,83032.13,774966.53,2026-05-17,2026-05-18,2026-05-18,2026-07-02,KA92EE2743,SO00412
SH00413,C008,Plastic,PET Bottle Scrap,25.31,59810,1513791.1,12,181654.93,1695446.03,2026-05-17,2026-05-20,2026-05-18,2026-07-02,TN49TF2261,SO00413
SH00414,C017,Paper,Mixed Paper Scrap,70.21,11240,789160.4,12,94699.25,883859.65,2026-05-17,2026-05-20,2026-05-18,2026-06-17,KL44JQ3054,SO00414
SH00415,C015,Paper,OCC Scrap,20.16,15250,307440,12,36892.8,344332.8,2026-05-17,2026-05-19,2026-05-18,2026-06-17,KA23WI5954,SO00415
SH00416,C006,Metal,Cast Iron Scrap,64.99,32320,2100476.8,18,378085.82,2478562.62,2026-05-17,2026-05-19,2026-05-18,2026-07-02,RJ32TF7233,SO00416
SH00417,C013,Metal,Aluminium Scrap,68.11,139760,9519053.6,18,1713429.65,11232483.25,2026-05-17,2026-05-19,2026-05-18,2026-06-17,TN81EG5438,SO00417
SH00418,C019,Paper,OCC Scrap,55.07,17300,952711,12,114325.32,1067036.32,2026-05-17,2026-05-20,2026-05-18,2026-06-17,DL86ZG1330,SO00418
SH00419,C016,Metal,Cast Iron Scrap,39.02,40250,1570555,18,282699.9,1853254.9,2026-05-17,2026-05-18,2026-05-18,2026-07-02,TG71RE1668,SO00419
SH00420,C008,Metal,Aluminium Scrap,52.29,132030,6903848.7,18,1242692.77,8146541.47,2026-05-17,2026-05-19,2026-05-18,2026-07-02,KL72TS9854,SO00420
SH00421,C007,Metal,MS Scrap,69.98,34600,2421308,18,435835.44,2857143.44,2026-05-17,2026-05-20,2026-05-18,2026-06-17,RJ85QQ6786,SO00421
SH00422,C007,Paper,Mixed Paper Scrap,38.61,11570,446717.7,12,53606.12,500323.82,2026-05-17,2026-05-20,2026-05-18,2026-06-17,UP93TN3199,SO00422
SH00423,C008,Metal,Aluminium Scrap,11.35,144190,1636556.5,18,294580.17,1931136.67,2026-05-17,2026-05-19,2026-05-18,2026-07-02,KL44WT4899,SO00423
SH00424,C002,Plastic,HDPE Scrap,55.35,71720,3969702,12,476364.24,4446066.24,2026-05-17,2026-05-20,2026-05-18,2026-07-02,MH77QM5281,SO00424
SH00425,C016,Metal,Cast Iron Scrap,23.65,38120,901538,18,162276.84,1063814.84,2026-05-17,2026-05-20,2026-05-18,2026-07-02,MH44XK7606,SO00425
SH00426,C015,Plastic,HDPE Scrap,68.46,65310,4471122.6,12,536534.71,5007657.31,2026-05-17,2026-05-19,2026-05-18,2026-06-17,GJ63RL4552,SO00426
SH00427,C010,Metal,Cast Iron Scrap,62.34,39610,2469287.4,18,444471.73,2913759.13,2026-05-17,2026-05-20,2026-05-18,2026-07-02,TN52AK8873,SO00427
SH00428,C008,Plastic,HDPE Scrap,14.96,65350,977636,12,117316.32,1094952.32,2026-05-17,2026-05-18,2026-05-18,2026-07-02,MH41XL3386,SO00428
SH00429,C019,Plastic,PET Bottle Scrap,28.61,63620,1820168.2,12,218420.18,2038588.38,2026-05-17,2026-05-19,2026-05-18,2026-06-17,KL61GU4654,SO00429
SH00430,C017,Paper,OCC Scrap,15.68,16450,257936,12,30952.32,288888.32,2026-05-17,2026-05-20,2026-05-18,2026-06-17,TN62XM7908,SO00430
SH00431,C012,Paper,OCC Scrap,44.74,13520,604884.8,12,72586.18,677470.98,2026-05-17,2026-05-19,2026-05-18,2026-07-02,UP37HV3032,SO00431
SH00432,C019,Plastic,HDPE Scrap,63.77,67620,4312127.4,12,517455.29,4829582.69,2026-05-17,2026-05-19,2026-05-18,2026-06-17,MH81UC2232,SO00432
SH00433,C018,Metal,Cast Iron Scrap,50.36,37090,1867852.4,18,336213.43,2204065.83,2026-05-17,2026-05-20,2026-05-18,2026-07-02,KA45DW2189,SO00433
SH00434,C016,Metal,Cast Iron Scrap,78.35,34120,2673302,18,481194.36,3154496.36,2026-05-17,2026-05-19,2026-05-18,2026-07-02,UP25NL8935,SO00434
SH00435,C009,Plastic,HDPE Scrap,7.66,64490,493993.4,12,59279.21,553272.61,2026-05-17,2026-05-19,2026-05-18,2026-06-17,DL21BL1183,SO00435
SH00436,C017,Metal,Aluminium Scrap,43.01,137020,5893230.2,18,1060781.44,6954011.64,2026-05-17,2026-05-18,2026-05-18,2026-06-17,MH48TU8143,SO00436
SH00437,C013,Metal,Cast Iron Scrap,76.84,39510,3035948.4,18,546470.71,3582419.11,2026-05-17,2026-05-20,2026-05-18,2026-06-17,MH38VH6472,SO00437
SH00438,C011,Plastic,PET Bottle Scrap,50.76,61870,3140521.2,12,376862.54,3517383.74,2026-05-17,2026-05-20,2026-05-18,2026-06-17,DL77OH5937,SO00438
SH00439,C001,Paper,Mixed Paper Scrap,11.8,9480,111864,12,13423.68,125287.68,2026-05-17,2026-05-19,2026-05-18,2026-06-17,MP28DV7377,SO00439
SH00440,C020,Metal,MS Scrap,35.36,28100,993616,18,178850.88,1172466.88,2026-05-17,2026-05-18,2026-05-18,2026-07-02,UP75AH4520,SO00440
SH00441,C002,Paper,OCC Scrap,24.85,15780,392133,12,47055.96,439188.96,2026-05-17,2026-05-19,2026-05-18,2026-07-02,KL44AD4082,SO00441
SH00442,C004,Paper,Mixed Paper Scrap,77.46,13150,1018599,12,122231.88,1140830.88,2026-05-17,2026-05-19,2026-05-18,2026-07-02,KA24PM3120,SO00442
SH00443,C006,Metal,MS Scrap,21.97,31200,685464,18,123383.52,808847.52,2026-05-17,2026-05-20,2026-05-18,2026-07-02,DL43YS5075,SO00443
SH00444,C011,Plastic,HDPE Scrap,15.81,72590,1147647.9,12,137717.75,1285365.65,2026-05-17,2026-05-20,2026-05-18,2026-06-17,DL69JE9693,SO00444
SH00445,C013,Paper,Mixed Paper Scrap,14.85,8570,127264.5,12,15271.74,142536.24,2026-05-17,2026-05-19,2026-05-18,2026-06-17,TN13FP4529,SO00445
SH00446,C012,Paper,OCC Scrap,15.16,15420,233767.2,12,28052.06,261819.26,2026-05-17,2026-05-19,2026-05-18,2026-07-02,KA56RD1996,SO00446
SH00447,C005,Plastic,HDPE Scrap,23.65,70740,1673001,12,200760.12,1873761.12,2026-05-18,2026-05-19,2026-05-19,2026-06-18,UP60MX8236,SO00447
SH00448,C015,Metal,Cast Iron Scrap,57.62,32040,1846144.8,18,332306.06,2178450.86,2026-05-18,2026-05-19,2026-05-19,2026-06-18,MP67TR8557,SO00448
SH00449,C012,Plastic,HDPE Scrap,35.94,67930,2441404.2,12,292968.5,2734372.7,2026-05-18,2026-05-19,2026-05-19,2026-07-03,GJ72MD9407,SO00449
SH00450,C009,Plastic,HDPE Scrap,57.87,60430,3497084.1,12,419650.09,3916734.19,2026-05-18,2026-05-19,2026-05-19,2026-06-18,MP36CM6124,SO00450
SH00451,C002,Paper,OCC Scrap,24.91,14120,351729.2,12,42207.5,393936.7,2026-05-18,2026-05-20,2026-05-19,2026-07-03,KL16GZ2460,SO00451
SH00452,C003,Paper,Mixed Paper Scrap,69.55,11610,807475.5,12,96897.06,904372.56,2026-05-18,2026-05-21,2026-05-19,2026-06-18,MH79BR9420,SO00452
SH00453,C009,Metal,MS Scrap,48.2,29100,1402620,18,252471.6,1655091.6,2026-05-18,2026-05-21,2026-05-19,2026-06-18,MP19SQ7249,SO00453
SH00454,C007,Metal,Aluminium Scrap,47.33,129530,6130654.9,18,1103517.88,7234172.78,2026-05-18,2026-05-20,2026-05-19,2026-06-18,TN73TG3405,SO00454
SH00455,C017,Paper,OCC Scrap,78.31,17140,1342233.4,12,161068.01,1503301.41,2026-05-18,2026-05-21,2026-05-19,2026-06-18,RJ14PU5365,SO00455
SH00456,C005,Paper,OCC Scrap,19,15400,292600,12,35112,327712,2026-05-18,2026-05-19,2026-05-19,2026-06-18,TN29PH5944,SO00456
SH00457,C018,Plastic,PET Bottle Scrap,66.9,64050,4284945,12,514193.4,4799138.4,2026-05-18,2026-05-20,2026-05-19,2026-07-03,DL83EC2030,SO00457
SH00458,C019,Metal,Cast Iron Scrap,55.67,41010,2283026.7,18,410944.81,2693971.51,2026-05-18,2026-05-21,2026-05-19,2026-06-18,RJ91DR7076,SO00458
SH00459,C007,Plastic,PET Bottle Scrap,39.64,54410,2156812.4,12,258817.49,2415629.89,2026-05-18,2026-05-20,2026-05-19,2026-06-18,DL25VM8045,SO00459
SH00460,C002,Paper,OCC Scrap,40.14,16180,649465.2,12,77935.82,727401.02,2026-05-18,2026-05-21,2026-05-19,2026-07-03,UP60ZY9080,SO00460
SH00461,C016,Metal,Aluminium Scrap,78.23,127640,9985277.2,18,1797349.9,11782627.1,2026-05-18,2026-05-20,2026-05-19,2026-07-03,KA50BD8059,SO00461
SH00462,C013,Metal,Cast Iron Scrap,42.33,35960,1522186.8,18,273993.62,1796180.42,2026-05-18,2026-05-20,2026-05-19,2026-06-18,TN96JO2125,SO00462
SH00463,C019,Paper,OCC Scrap,34.02,16580,564051.6,12,67686.19,631737.79,2026-05-18,2026-05-19,2026-05-19,2026-06-18,UP39SD6845,SO00463
SH00464,C018,Paper,Mixed Paper Scrap,57.93,13530,783792.9,12,94055.15,877848.05,2026-05-18,2026-05-19,2026-05-19,2026-07-03,RJ33KI5734,SO00464
SH00465,C018,Paper,OCC Scrap,5.79,12560,72722.4,12,8726.69,81449.09,2026-05-18,2026-05-21,2026-05-19,2026-07-03,UP80BN1342,SO00465
SH00466,C007,Metal,Aluminium Scrap,32.88,143350,4713348,18,848402.64,5561750.64,2026-05-18,2026-05-20,2026-05-19,2026-06-18,MP40XR4340,SO00466
SH00467,C016,Metal,Aluminium Scrap,39.06,135060,5275443.6,18,949579.85,6225023.45,2026-05-18,2026-05-19,2026-05-19,2026-07-03,MP14UO5102,SO00467
SH00468,C018,Metal,MS Scrap,5.86,30920,181191.2,18,32614.42,213805.62,2026-05-18,2026-05-20,2026-05-19,2026-07-03,UP77UO7585,SO00468
SH00469,C015,Metal,Cast Iron Scrap,73.06,37010,2703950.6,18,486711.11,3190661.71,2026-05-18,2026-05-19,2026-05-19,2026-06-18,RJ80IN7287,SO00469
SH00470,C009,Metal,Cast Iron Scrap,26.95,33320,897974,18,161635.32,1059609.32,2026-05-18,2026-05-21,2026-05-19,2026-06-18,TN98UQ2385,SO00470
SH00471,C019,Metal,MS Scrap,41.93,31320,1313247.6,18,236384.57,1549632.17,2026-05-18,2026-05-19,2026-05-19,2026-06-18,UP79IF5209,SO00471
SH00472,C008,Metal,Cast Iron Scrap,76.43,36930,2822559.9,18,508060.78,3330620.68,2026-05-18,2026-05-20,2026-05-19,2026-07-03,KA94OD8695,SO00472
SH00473,C006,Metal,MS Scrap,76.29,32920,2511466.8,18,452064.02,2963530.82,2026-05-18,2026-05-21,2026-05-19,2026-07-03,RJ95WR8595,SO00473
SH00474,C013,Paper,Mixed Paper Scrap,25.54,9770,249525.8,12,29943.1,279468.9,2026-05-18,2026-05-21,2026-05-19,2026-06-18,DL31YR9388,SO00474
SH00475,C010,Paper,OCC Scrap,46.79,17490,818357.1,12,98202.85,916559.95,2026-05-18,2026-05-20,2026-05-19,2026-07-03,UP48CP7938,SO00475
SH00476,C018,Plastic,PET Bottle Scrap,67.76,50640,3431366.4,12,411763.97,3843130.37,2026-05-18,2026-05-19,2026-05-19,2026-07-03,TN90SD2145,SO00476
SH00477,C018,Metal,Aluminium Scrap,7.78,121270,943480.6,18,169826.51,1113307.11,2026-05-18,2026-05-21,2026-05-19,2026-07-03,TN67PQ4719,SO00477
SH00478,C017,Metal,Cast Iron Scrap,7.92,37370,295970.4,18,53274.67,349245.07,2026-05-18,2026-05-20,2026-05-19,2026-06-18,MH60BF2227,SO00478
SH00479,C012,Paper,Mixed Paper Scrap,15.12,8610,130183.2,12,15621.98,145805.18,2026-05-18,2026-05-19,2026-05-19,2026-07-03,TN89XV1667,SO00479
SH00480,C016,Paper,OCC Scrap,27.89,15260,425601.4,12,51072.17,476673.57,2026-05-18,2026-05-19,2026-05-19,2026-07-03,UP87BX4946,SO00480
SH00481,C014,Metal,Cast Iron Scrap,47.68,41010,1955356.8,18,351964.22,2307321.02,2026-05-18,2026-05-21,2026-05-19,2026-07-03,MP37QB8402,SO00481
SH00482,C003,Paper,OCC Scrap,48.76,14340,699218.4,12,83906.21,783124.61,2026-05-18,2026-05-21,2026-05-19,2026-06-18,KL32PP8921,SO00482
SH00483,C016,Plastic,HDPE Scrap,27.18,58600,1592748,12,191129.76,1783877.76,2026-05-18,2026-05-20,2026-05-19,2026-07-03,RJ86FT5036,SO00483
SH00484,C004,Plastic,HDPE Scrap,63.23,67420,4262966.6,12,511555.99,4774522.59,2026-05-18,2026-05-21,2026-05-19,2026-07-03,MP69UW4047,SO00484
SH00485,C005,Metal,Cast Iron Scrap,32.85,34490,1132996.5,18,203939.37,1336935.87,2026-05-18,2026-05-19,2026-05-19,2026-06-18,UP47XA8466,SO00485
SH00486,C011,Paper,OCC Scrap,58.11,15110,878042.1,12,105365.05,983407.15,2026-05-18,2026-05-20,2026-05-19,2026-06-18,RJ68CL3729,SO00486
SH00487,C014,Plastic,PET Bottle Scrap,9.28,47740,443027.2,12,53163.26,496190.46,2026-05-18,2026-05-20,2026-05-19,2026-07-03,UP85SW7362,SO00487
SH00488,C019,Metal,MS Scrap,50.16,31920,1601107.2,18,288199.3,1889306.5,2026-05-18,2026-05-21,2026-05-19,2026-06-18,DL20GI9284,SO00488
SH00489,C016,Plastic,PET Bottle Scrap,69.5,47060,3270670,12,392480.4,3663150.4,2026-05-18,2026-05-20,2026-05-19,2026-07-03,TG32NW3759,SO00489
SH00490,C007,Plastic,HDPE Scrap,19.8,65490,1296702,12,155604.24,1452306.24,2026-05-18,2026-05-19,2026-05-19,2026-06-18,RJ36MI4717,SO00490
SH00491,C005,Metal,Aluminium Scrap,10.64,139670,1486088.8,18,267495.98,1753584.78,2026-05-18,2026-05-21,2026-05-19,2026-06-18,KL40RS7037,SO00491
SH00492,C001,Metal,Cast Iron Scrap,22.7,41160,934332,18,168179.76,1102511.76,2026-05-18,2026-05-20,2026-05-19,2026-06-18,TG43XJ6477,SO00492
SH00493,C005,Plastic,HDPE Scrap,13.78,67220,926291.6,12,111154.99,1037446.59,2026-05-18,2026-05-20,2026-05-19,2026-06-18,RJ36VK9500,SO00493
SH00494,C013,Plastic,HDPE Scrap,70.57,61660,4351346.2,12,522161.54,4873507.74,2026-05-18,2026-05-21,2026-05-19,2026-06-18,RJ82TN9099,SO00494
SH00495,C006,Paper,Mixed Paper Scrap,26.18,10860,284314.8,12,34117.78,318432.58,2026-05-18,2026-05-20,2026-05-19,2026-07-03,TG18XP1045,SO00495
SH00496,C017,Metal,MS Scrap,16.77,33930,569006.1,18,102421.1,671427.2,2026-05-18,2026-05-19,2026-05-19,2026-06-18,GJ53DJ4147,SO00496
SH00497,C006,Paper,Mixed Paper Scrap,68.26,10290,702395.4,12,84287.45,786682.85,2026-05-18,2026-05-19,2026-05-19,2026-07-03,KL33QW9015,SO00497
SH00498,C002,Metal,Aluminium Scrap,25.3,128640,3254592,18,585826.56,3840418.56,2026-05-18,2026-05-21,2026-05-19,2026-07-03,GJ36VR4796,SO00498
SH00499,C002,Metal,Aluminium Scrap,72.57,125070,9076329.9,18,1633739.38,10710069.28,2026-05-18,2026-05-20,2026-05-19,2026-07-03,TN10FZ1214,SO00499
SH00500,C019,Metal,MS Scrap,9.74,32130,312946.2,18,56330.32,369276.52,2026-05-18,2026-05-19,2026-05-19,2026-06-18,UP28YI1755,SO00500
SH00501,C018,Metal,MS Scrap,25.5,30340,773670,18,139260.6,912930.6,2026-05-18,2026-05-21,2026-05-19,2026-07-03,KA14PA7233,SO00501
SH00502,C007,Plastic,HDPE Scrap,49.77,64070,3188763.9,12,382651.67,3571415.57,2026-05-18,2026-05-21,2026-05-19,2026-06-18,KL99HE4105,SO00502
SH00503,C005,Metal,MS Scrap,60.56,33140,2006958.4,18,361252.51,2368210.91,2026-05-18,2026-05-19,2026-05-19,2026-06-18,GJ66NL1871,SO00503
SH00504,C009,Paper,Mixed Paper Scrap,77.18,13470,1039614.6,12,124753.75,1164368.35,2026-05-18,2026-05-19,2026-05-19,2026-06-18,DL32TE3409,SO00504
SH00505,C013,Metal,MS Scrap,18.1,29090,526529,18,94775.22,621304.22,2026-05-18,2026-05-19,2026-05-19,2026-06-18,DL22WB5075,SO00505
SH00506,C002,Metal,Cast Iron Scrap,32.03,32280,1033928.4,18,186107.11,1220035.51,2026-05-18,2026-05-21,2026-05-19,2026-07-03,TN15NF7346,SO00506
SH00507,C018,Plastic,HDPE Scrap,46.83,74970,3510845.1,12,421301.41,3932146.51,2026-05-18,2026-05-19,2026-05-19,2026-07-03,DL62DZ4355,SO00507
SH00508,C017,Plastic,HDPE Scrap,65.16,71850,4681746,12,561809.52,5243555.52,2026-05-18,2026-05-20,2026-05-19,2026-06-18,TN84RD3349,SO00508
SH00509,C018,Metal,Aluminium Scrap,58.53,122730,7183386.9,18,1293009.64,8476396.54,2026-05-18,2026-05-19,2026-05-19,2026-07-03,KL84MV1177,SO00509
SH00510,C013,Metal,Cast Iron Scrap,24.69,34740,857730.6,18,154391.51,1012122.11,2026-05-18,2026-05-21,2026-05-19,2026-06-18,KA64TN4349,SO00510
SH00511,C010,Paper,Mixed Paper Scrap,14.68,9830,144304.4,12,17316.53,161620.93,2026-05-18,2026-05-21,2026-05-19,2026-07-03,TN45ZJ2737,SO00511
SH00512,C013,Paper,OCC Scrap,19.97,13470,268995.9,12,32279.51,301275.41,2026-05-18,2026-05-20,2026-05-19,2026-06-18,KL69TC3347,SO00512
SH00513,C012,Plastic,HDPE Scrap,30.81,71550,2204455.5,12,264534.66,2468990.16,2026-05-18,2026-05-20,2026-05-19,2026-07-03,TN75QL1571,SO00513
SH00514,C017,Paper,Mixed Paper Scrap,78.05,11510,898355.5,12,107802.66,1006158.16,2026-05-18,2026-05-20,2026-05-19,2026-06-18,TN17PG7116,SO00514
SH00515,C019,Paper,OCC Scrap,30.04,15690,471327.6,12,56559.31,527886.91,2026-05-18,2026-05-19,2026-05-19,2026-06-18,GJ84OK7313,SO00515
SH00516,C020,Plastic,PET Bottle Scrap,21.89,48660,1065167.4,12,127820.09,1192987.49,2026-05-18,2026-05-21,2026-05-19,2026-07-03,UP57ON1764,SO00516
SH00517,C010,Plastic,HDPE Scrap,70.3,55890,3929067,12,471488.04,4400555.04,2026-05-18,2026-05-19,2026-05-19,2026-07-03,KA30CI9582,SO00517
SH00518,C009,Plastic,PET Bottle Scrap,46.77,60080,2809941.6,12,337192.99,3147134.59,2026-05-18,2026-05-19,2026-05-19,2026-06-18,GJ23TV8441,SO00518
SH00519,C006,Paper,OCC Scrap,14.8,12810,189588,12,22750.56,212338.56,2026-05-18,2026-05-20,2026-05-19,2026-07-03,DL63RL9283,SO00519
SH00520,C018,Metal,MS Scrap,24.22,31230,756390.6,18,136150.31,892540.91,2026-05-18,2026-05-21,2026-05-19,2026-07-03,MH18SE1309,SO00520
SH00521,C011,Plastic,HDPE Scrap,51.7,71500,3696550,12,443586,4140136,2026-05-18,2026-05-20,2026-05-19,2026-06-18,TG28MC4287,SO00521
SH00522,C016,Plastic,HDPE Scrap,37.11,58470,2169821.7,12,260378.6,2430200.3,2026-05-18,2026-05-19,2026-05-19,2026-07-03,DL45RC4256,SO00522
SH00523,C013,Metal,MS Scrap,8.67,33690,292092.3,18,52576.61,344668.91,2026-05-18,2026-05-19,2026-05-19,2026-06-18,UP19FD6599,SO00523
SH00524,C008,Metal,MS Scrap,67.82,28790,1952537.8,18,351456.8,2303994.6,2026-05-18,2026-05-20,2026-05-19,2026-07-03,UP67ND5906,SO00524
SH00525,C008,Metal,MS Scrap,46.6,33250,1549450,18,278901,1828351,2026-05-18,2026-05-20,2026-05-19,2026-07-03,KL74QN2830,SO00525
SH00526,C005,Paper,OCC Scrap,45.34,12750,578085,12,69370.2,647455.2,2026-05-18,2026-05-21,2026-05-19,2026-06-18,RJ14HY6235,SO00526
SH00527,C002,Paper,OCC Scrap,27.83,12250,340917.5,12,40910.1,381827.6,2026-05-18,2026-05-20,2026-05-19,2026-07-03,DL81UA4286,SO00527
SH00528,C012,Metal,MS Scrap,65.41,31540,2063031.4,18,371345.65,2434377.05,2026-05-18,2026-05-19,2026-05-19,2026-07-03,MP70KV2169,SO00528
SH00529,C001,Paper,Mixed Paper Scrap,68.81,8850,608968.5,12,73076.22,682044.72,2026-05-18,2026-05-20,2026-05-19,2026-06-18,TG71RH2051,SO00529
SH00530,C005,Paper,Mixed Paper Scrap,34.8,8120,282576,12,33909.12,316485.12,2026-05-18,2026-05-19,2026-05-19,2026-06-18,MP24HY9725,SO00530
SH00531,C016,Metal,Cast Iron Scrap,17.49,41880,732481.2,18,131846.62,864327.82,2026-05-18,2026-05-20,2026-05-19,2026-07-03,KL40ZI5524,SO00531
SH00532,C004,Paper,Mixed Paper Scrap,24.77,11690,289561.3,12,34747.36,324308.66,2026-05-18,2026-05-21,2026-05-19,2026-07-03,GJ23VH1327,SO00532
SH00533,C015,Paper,OCC Scrap,62.94,17410,1095785.4,12,131494.25,1227279.65,2026-05-18,2026-05-20,2026-05-19,2026-06-18,MH12ZD1481,SO00533
SH00534,C019,Plastic,PET Bottle Scrap,44.13,45300,1999089,12,239890.68,2238979.68,2026-05-18,2026-05-21,2026-05-19,2026-06-18,UP66UU9965,SO00534
SH00535,C017,Paper,OCC Scrap,63.65,14250,907012.5,12,108841.5,1015854,2026-05-18,2026-05-20,2026-05-19,2026-06-18,MH76DI2917,SO00535
SH00536,C001,Metal,Cast Iron Scrap,22.69,34540,783712.6,18,141068.27,924780.87,2026-05-18,2026-05-20,2026-05-19,2026-06-18,MP51UI6092,SO00536
SH00537,C012,Paper,Mixed Paper Scrap,34.64,12690,439581.6,12,52749.79,492331.39,2026-05-18,2026-05-21,2026-05-19,2026-07-03,KL20JN5747,SO00537
SH00538,C008,Paper,Mixed Paper Scrap,58.94,13680,806299.2,12,96755.9,903055.1,2026-05-18,2026-05-19,2026-05-19,2026-07-03,MH93ZA5514,SO00538
SH00539,C017,Metal,Aluminium Scrap,60.25,121540,7322785,18,1318101.3,8640886.3,2026-05-18,2026-05-21,2026-05-19,2026-06-18,DL64AX9458,SO00539
SH00540,C017,Paper,Mixed Paper Scrap,67.61,10870,734920.7,12,88190.48,823111.18,2026-05-18,2026-05-21,2026-05-19,2026-06-18,GJ68XM5530,SO00540
SH00541,C011,Metal,MS Scrap,7.51,29580,222145.8,18,39986.24,262132.04,2026-05-18,2026-05-19,2026-05-19,2026-06-18,TN35BK8396,SO00541
SH00542,C014,Paper,OCC Scrap,11.09,13360,148162.4,12,17779.49,165941.89,2026-05-18,2026-05-19,2026-05-19,2026-07-03,UP43ZE8696,SO00542
SH00543,C009,Paper,OCC Scrap,66.01,13020,859450.2,12,103134.02,962584.22,2026-05-18,2026-05-20,2026-05-19,2026-06-18,MP19EI3338,SO00543
SH00544,C007,Metal,Aluminium Scrap,55.96,129530,7248498.8,18,1304729.78,8553228.58,2026-05-18,2026-05-21,2026-05-19,2026-06-18,RJ63FF2092,SO00544
SH00545,C006,Plastic,HDPE Scrap,49.71,68080,3384256.8,12,406110.82,3790367.62,2026-05-18,2026-05-20,2026-05-19,2026-07-03,KA61ZJ4590,SO00545
SH00546,C016,Plastic,HDPE Scrap,22.22,55220,1226988.4,12,147238.61,1374227.01,2026-05-18,2026-05-20,2026-05-19,2026-07-03,GJ12AJ7174,SO00546
SH00547,C002,Plastic,HDPE Scrap,70.87,55150,3908480.5,12,469017.66,4377498.16,2026-05-18,2026-05-21,2026-05-19,2026-07-03,MH13LH3163,SO00547
SH00548,C007,Metal,Cast Iron Scrap,75.01,37920,2844379.2,18,511988.26,3356367.46,2026-05-18,2026-05-19,2026-05-19,2026-06-18,TN26BA5146,SO00548
SH00549,C014,Paper,Mixed Paper Scrap,12.49,13150,164243.5,12,19709.22,183952.72,2026-05-18,2026-05-20,2026-05-19,2026-07-03,GJ79RE6803,SO00549
SH00550,C004,Plastic,HDPE Scrap,8.84,67860,599882.4,12,71985.89,671868.29,2026-05-18,2026-05-19,2026-05-19,2026-07-03,TG68MY8516,SO00550
SH00551,C004,Metal,Cast Iron Scrap,66.98,39440,2641691.2,18,475504.42,3117195.62,2026-05-18,2026-05-20,2026-05-19,2026-07-03,UP88JG2399,SO00551
SH00552,C002,Plastic,PET Bottle Scrap,44.81,55360,2480681.6,12,297681.79,2778363.39,2026-05-18,2026-05-20,2026-05-19,2026-07-03,DL92TV7089,SO00552
SH00553,C013,Plastic,PET Bottle Scrap,14.47,62240,900612.8,12,108073.54,1008686.34,2026-05-18,2026-05-21,2026-05-19,2026-06-18,KL36WH7420,SO00553
SH00554,C017,Metal,Aluminium Scrap,55.68,141580,7883174.4,18,1418971.39,9302145.79,2026-05-19,2026-05-22,2026-05-20,2026-06-19,GJ85XQ1165,SO00554
SH00555,C014,Metal,Aluminium Scrap,6.57,145310,954686.7,18,171843.61,1126530.31,2026-05-19,2026-05-21,2026-05-20,2026-07-04,MP41VU9077,SO00555
SH00556,C007,Paper,Mixed Paper Scrap,51.87,11960,620365.2,12,74443.82,694809.02,2026-05-19,2026-05-22,2026-05-20,2026-06-19,MH78AR4616,SO00556
SH00557,C020,Plastic,PET Bottle Scrap,18.51,47950,887554.5,12,106506.54,994061.04,2026-05-19,2026-05-20,2026-05-20,2026-07-04,KL23OR7274,SO00557
SH00558,C009,Plastic,HDPE Scrap,6.58,68250,449085,12,53890.2,502975.2,2026-05-19,2026-05-20,2026-05-20,2026-06-19,RJ68HL6099,SO00558
SH00559,C010,Plastic,HDPE Scrap,16.26,72680,1181776.8,12,141813.22,1323590.02,2026-05-19,2026-05-22,2026-05-20,2026-07-04,MP26NP8913,SO00559
SH00560,C019,Paper,OCC Scrap,61.02,15200,927504,12,111300.48,1038804.48,2026-05-19,2026-05-22,2026-05-20,2026-06-19,MP11ST6961,SO00560
SH00561,C003,Paper,Mixed Paper Scrap,34.08,11620,396009.6,12,47521.15,443530.75,2026-05-19,2026-05-22,2026-05-20,2026-06-19,MH70FO5899,SO00561
SH00562,C014,Paper,Mixed Paper Scrap,43.75,11380,497875,12,59745,557620,2026-05-19,2026-05-20,2026-05-20,2026-07-04,MH35FR5458,SO00562
SH00563,C019,Paper,OCC Scrap,34.1,14830,505703,12,60684.36,566387.36,2026-05-19,2026-05-22,2026-05-20,2026-06-19,TN38VV6681,SO00563
SH00564,C013,Plastic,PET Bottle Scrap,27.65,63470,1754945.5,12,210593.46,1965538.96,2026-05-19,2026-05-22,2026-05-20,2026-06-19,TN70UJ9019,SO00564
SH00565,C006,Metal,Cast Iron Scrap,57.24,41010,2347412.4,18,422534.23,2769946.63,2026-05-19,2026-05-22,2026-05-20,2026-07-04,UP36CU1838,SO00565
SH00566,C008,Plastic,HDPE Scrap,58.24,63510,3698822.4,12,443858.69,4142681.09,2026-05-19,2026-05-22,2026-05-20,2026-07-04,UP61ZI6102,SO00566
SH00567,C017,Plastic,HDPE Scrap,41.25,68770,2836762.5,12,340411.5,3177174,2026-05-19,2026-05-22,2026-05-20,2026-06-19,TG80FL8190,SO00567
SH00568,C013,Plastic,PET Bottle Scrap,35.91,52940,1901075.4,12,228129.05,2129204.45,2026-05-19,2026-05-21,2026-05-20,2026-06-19,KA79FP3126,SO00568
SH00569,C009,Metal,Cast Iron Scrap,34.94,40030,1398648.2,18,251756.68,1650404.88,2026-05-19,2026-05-21,2026-05-20,2026-06-19,MP85RL4968,SO00569
SH00570,C007,Paper,OCC Scrap,24.32,17510,425843.2,12,51101.18,476944.38,2026-05-19,2026-05-20,2026-05-20,2026-06-19,KL30FO1486,SO00570
SH00571,C003,Metal,MS Scrap,40.45,29460,1191657,18,214498.26,1406155.26,2026-05-19,2026-05-20,2026-05-20,2026-06-19,GJ19EQ8621,SO00571
SH00572,C013,Paper,Mixed Paper Scrap,43.81,11550,506005.5,12,60720.66,566726.16,2026-05-19,2026-05-21,2026-05-20,2026-06-19,DL59GV5982,SO00572
SH00573,C010,Plastic,PET Bottle Scrap,68.38,62240,4255971.2,12,510716.54,4766687.74,2026-05-19,2026-05-21,2026-05-20,2026-07-04,TG56XD6060,SO00573
SH00574,C004,Paper,OCC Scrap,11.15,14240,158776,12,19053.12,177829.12,2026-05-19,2026-05-20,2026-05-20,2026-07-04,KL43OJ8767,SO00574
SH00575,C015,Plastic,PET Bottle Scrap,38.24,59150,2261896,12,271427.52,2533323.52,2026-05-19,2026-05-20,2026-05-20,2026-06-19,GJ55LM6371,SO00575
SH00576,C008,Metal,Cast Iron Scrap,44.18,39440,1742459.2,18,313642.66,2056101.86,2026-05-19,2026-05-22,2026-05-20,2026-07-04,TG60ZJ5076,SO00576
SH00577,C015,Metal,Aluminium Scrap,71.1,123330,8768763,18,1578377.34,10347140.34,2026-05-19,2026-05-20,2026-05-20,2026-06-19,DL17IB4272,SO00577
SH00578,C015,Paper,OCC Scrap,32.79,13710,449550.9,12,53946.11,503497.01,2026-05-20,2026-05-21,2026-05-21,2026-06-20,MP26KA2042,SO00578
SH00579,C017,Metal,Cast Iron Scrap,44.94,34510,1550879.4,18,279158.29,1830037.69,2026-05-20,2026-05-21,2026-05-21,2026-06-20,TG61HD7485,SO00579
SH00580,C009,Paper,OCC Scrap,14.86,13460,200015.6,12,24001.87,224017.47,2026-05-20,2026-05-21,2026-05-21,2026-06-20,MH62WY4838,SO00580
SH00581,C004,Paper,Mixed Paper Scrap,70.15,10000,701500,12,84180,785680,2026-05-20,2026-05-22,2026-05-21,2026-07-05,KL75AS6343,SO00581
SH00582,C007,Paper,OCC Scrap,29.12,16490,480188.8,12,57622.66,537811.46,2026-05-20,2026-05-22,2026-05-21,2026-06-20,TN42VZ6438,SO00582
SH00583,C020,Metal,Aluminium Scrap,29.95,137300,4112135,18,740184.3,4852319.3,2026-05-20,2026-05-22,2026-05-21,2026-07-05,UP29AR5135,SO00583
SH00584,C003,Plastic,HDPE Scrap,49.71,69000,3429990,12,411598.8,3841588.8,2026-05-20,2026-05-23,2026-05-21,2026-06-20,RJ39ZR5734,SO00584
SH00585,C019,Metal,Cast Iron Scrap,39.05,34360,1341758,18,241516.44,1583274.44,2026-05-20,2026-05-23,2026-05-21,2026-06-20,KL70ZK7286,SO00585
SH00586,C009,Metal,Aluminium Scrap,25.94,148070,3840935.8,18,691368.44,4532304.24,2026-05-20,2026-05-23,2026-05-21,2026-06-20,UP58FX1540,SO00586
SH00587,C003,Metal,Cast Iron Scrap,44.66,41580,1856962.8,18,334253.3,2191216.1,2026-05-20,2026-05-22,2026-05-21,2026-06-20,DL14BY1522,SO00587
SH00588,C016,Paper,Mixed Paper Scrap,41.64,13820,575464.8,12,69055.78,644520.58,2026-05-20,2026-05-21,2026-05-21,2026-07-05,TG13NZ8585,SO00588
SH00589,C013,Plastic,HDPE Scrap,53.38,71380,3810264.4,12,457231.73,4267496.13,2026-05-20,2026-05-21,2026-05-21,2026-06-20,TG13SN8719,SO00589
SH00590,C018,Metal,Aluminium Scrap,31.82,126100,4012502,18,722250.36,4734752.36,2026-05-20,2026-05-21,2026-05-21,2026-07-05,DL29BU5560,SO00590
SH00591,C002,Metal,MS Scrap,56.95,31100,1771145,18,318806.1,2089951.1,2026-05-20,2026-05-22,2026-05-21,2026-07-05,TG39JQ3240,SO00591
SH00592,C008,Metal,Aluminium Scrap,7.84,130160,1020454.4,18,183681.79,1204136.19,2026-05-20,2026-05-23,2026-05-21,2026-07-05,KL14YI8601,SO00592
SH00593,C016,Plastic,PET Bottle Scrap,44.57,57780,2575254.6,12,309030.55,2884285.15,2026-05-20,2026-05-22,2026-05-21,2026-07-05,TG74AB6895,SO00593
SH00594,C011,Metal,Cast Iron Scrap,79.3,37730,2991989,18,538558.02,3530547.02,2026-05-20,2026-05-23,2026-05-21,2026-06-20,TG28WQ6397,SO00594
SH00595,C001,Metal,Aluminium Scrap,5.84,130320,761068.8,18,136992.38,898061.18,2026-05-20,2026-05-22,2026-05-21,2026-06-20,DL96KO5732,SO00595